,0
2010-01-01,231.0
2010-01-02,246.0
2010-01-03,146.0
2010-01-04,195.0
2010-01-05,296.0
2010-01-06,302.0
2010-01-07,382.0
2010-01-08,372.0
2010-01-09,302.0
2010-01-10,185.0
2010-01-11,213.0
2010-01-12,297.0
2010-01-13,323.0
2010-01-14,339.0
2010-01-15,349.0
2010-01-16,292.0
2010-01-17,182.0
2010-01-18,206.0
2010-01-19,331.0
2010-01-20,384.0
2010-01-21,355.0
2010-01-22,347.0
2010-01-23,295.0
2010-01-24,208.0
2010-01-25,146.0
2010-01-26,324.0
2010-01-27,344.0
2010-01-28,280.0
2010-01-29,291.0
2010-01-30,234.0
2010-01-31,143.0
2010-02-01,210.0
2010-02-02,348.0
2010-02-03,307.0
2010-02-04,375.0
2010-02-05,321.0
2010-02-06,275.0
2010-02-07,152.0
2010-02-08,209.0
2010-02-09,315.0
2010-02-10,113.0
2010-02-11,263.0
2010-02-12,296.0
2010-02-13,259.0
2010-02-14,162.0
2010-02-15,155.0
2010-02-16,234.0
2010-02-17,299.0
2010-02-18,362.0
2010-02-19,254.0
2010-02-20,271.0
2010-02-21,200.0
2010-02-22,197.0
2010-02-23,271.0
2010-02-24,315.0
2010-02-25,218.0
2010-02-26,166.0
2010-02-27,297.0
2010-02-28,138.0
2010-03-01,201.0
2010-03-02,293.0
2010-03-03,336.0
2010-03-04,324.0
2010-03-05,357.0
2010-03-06,263.0
2010-03-07,194.0
2010-03-08,187.0
2010-03-09,272.0
2010-03-10,325.0
2010-03-11,272.0
2010-03-12,287.0
2010-03-13,192.0
2010-03-14,171.0
2010-03-15,198.0
2010-03-16,293.0
2010-03-17,263.0
2010-03-18,281.0
2010-03-19,318.0
2010-03-20,193.0
2010-03-21,182.0
2010-03-22,171.0
2010-03-23,273.0
2010-03-24,331.0
2010-03-25,291.0
2010-03-26,281.0
2010-03-27,252.0
2010-03-28,188.0
2010-03-29,125.0
2010-03-30,197.0
2010-03-31,266.0
2010-04-01,254.0
2010-04-02,240.0
2010-04-03,225.0
2010-04-04,138.0
2010-04-05,199.0
2010-04-06,271.0
2010-04-07,263.0
2010-04-08,262.0
2010-04-09,286.0
2010-04-10,206.0
2010-04-11,163.0
2010-04-12,213.0
2010-04-13,305.0
2010-04-14,274.0
2010-04-15,295.0
2010-04-16,294.0
2010-04-17,250.0
2010-04-18,168.0
2010-04-19,185.0
2010-04-20,315.0
2010-04-21,320.0
2010-04-22,357.0
2010-04-23,301.0
2010-04-24,264.0
2010-04-25,163.0
2010-04-26,155.0
2010-04-27,301.0
2010-04-28,308.0
2010-04-29,290.0
2010-04-30,239.0
2010-05-01,217.0
2010-05-02,167.0
2010-05-03,162.0
2010-05-04,249.0
2010-05-05,285.0
2010-05-06,284.0
2010-05-07,299.0
2010-05-08,235.0
2010-05-09,155.0
2010-05-10,224.0
2010-05-11,280.0
2010-05-12,312.0
2010-05-13,298.0
2010-05-14,282.0
2010-05-15,181.0
2010-05-16,156.0
2010-05-17,200.0
2010-05-18,252.0
2010-05-19,322.0
2010-05-20,351.0
2010-05-21,284.0
2010-05-22,219.0
2010-05-23,168.0
2010-05-24,230.0
2010-05-25,283.0
2010-05-26,300.0
2010-05-27,285.0
2010-05-28,291.0
2010-05-29,232.0
2010-05-30,141.0
2010-05-31,128.0
2010-06-01,242.0
2010-06-02,257.0
2010-06-03,306.0
2010-06-04,248.0
2010-06-05,204.0
2010-06-06,155.0
2010-06-07,199.0
2010-06-08,291.0
2010-06-09,239.0
2010-06-10,242.0
2010-06-11,254.0
2010-06-12,213.0
2010-06-13,190.0
2010-06-14,222.0
2010-06-15,264.0
2010-06-16,294.0
2010-06-17,301.0
2010-06-18,241.0
2010-06-19,167.0
2010-06-20,108.0
2010-06-21,151.0
2010-06-22,224.0
2010-06-23,269.0
2010-06-24,272.0
2010-06-25,243.0
2010-06-26,207.0
2010-06-27,168.0
2010-06-28,170.0
2010-06-29,238.0
2010-06-30,224.0
2010-07-01,247.0
2010-07-02,184.0
2010-07-03,199.0
2010-07-04,156.0
2010-07-05,144.0
2010-07-06,267.0
2010-07-07,238.0
2010-07-08,271.0
2010-07-09,229.0
2010-07-10,253.0
2010-07-11,155.0
2010-07-12,187.0
2010-07-13,260.0
2010-07-14,268.0
2010-07-15,264.0
2010-07-16,270.0
2010-07-17,201.0
2010-07-18,150.0
2010-07-19,195.0
2010-07-20,257.0
2010-07-21,251.0
2010-07-22,259.0
2010-07-23,218.0
2010-07-24,184.0
2010-07-25,151.0
2010-07-26,166.0
2010-07-27,261.0
2010-07-28,237.0
2010-07-29,253.0
2010-07-30,210.0
2010-07-31,208.0
2010-08-01,176.0
2010-08-02,176.0
2010-08-03,247.0
2010-08-04,260.0
2010-08-05,245.0
2010-08-06,244.0
2010-08-07,201.0
2010-08-08,201.0
2010-08-09,165.0
2010-08-10,271.0
2010-08-11,278.0
2010-08-12,229.0
2010-08-13,258.0
2010-08-14,238.0
2010-08-15,143.0
2010-08-16,158.0
2010-08-17,242.0
2010-08-18,260.0
2010-08-19,234.0
2010-08-20,233.0
2010-08-21,179.0
2010-08-22,149.0
2010-08-23,153.0
2010-08-24,261.0
2010-08-25,293.0
2010-08-26,266.0
2010-08-27,219.0
2010-08-28,164.0
2010-08-29,158.0
2010-08-30,165.0
2010-08-31,203.0
2010-09-01,225.0
2010-09-02,264.0
2010-09-03,219.0
2010-09-04,236.0
2010-09-05,180.0
2010-09-06,154.0
2010-09-07,207.0
2010-09-08,237.0
2010-09-09,239.0
2010-09-10,249.0
2010-09-11,228.0
2010-09-12,128.0
2010-09-13,134.0
2010-09-14,192.0
2010-09-15,246.0
2010-09-16,268.0
2010-09-17,233.0
2010-09-18,236.0
2010-09-19,153.0
2010-09-20,149.0
2010-09-21,237.0
2010-09-22,211.0
2010-09-23,228.0
2010-09-24,264.0
2010-09-25,205.0
2010-09-26,183.0
2010-09-27,161.0
2010-09-28,211.0
2010-09-29,258.0
2010-09-30,229.0
2010-10-01,223.0
2010-10-02,240.0
2010-10-03,170.0
2010-10-04,193.0
2010-10-05,236.0
2010-10-06,332.0
2010-10-07,243.0
2010-10-08,312.0
2010-10-09,223.0
2010-10-10,160.0
2010-10-11,137.0
2010-10-12,275.0
2010-10-13,289.0
2010-10-14,295.0
2010-10-15,259.0
2010-10-16,213.0
2010-10-17,189.0
2010-10-18,170.0
2010-10-19,251.0
2010-10-20,332.0
2010-10-21,293.0
2010-10-22,322.0
2010-10-23,236.0
2010-10-24,180.0
2010-10-25,174.0
2010-10-26,282.0
2010-10-27,243.0
2010-10-28,258.0
2010-10-29,283.0
2010-10-30,214.0
2010-10-31,155.0
2010-11-01,163.0
2010-11-02,194.0
2010-11-03,296.0
2010-11-04,246.0
2010-11-05,314.0
2010-11-06,229.0
2010-11-07,160.0
2010-11-08,176.0
2010-11-09,254.0
2010-11-10,298.0
2010-11-11,240.0
2010-11-12,282.0
2010-11-13,252.0
2010-11-14,153.0
2010-11-15,177.0
2010-11-16,261.0
2010-11-17,297.0
2010-11-18,343.0
2010-11-19,286.0
2010-11-20,208.0
2010-11-21,167.0
2010-11-22,153.0
2010-11-23,282.0
2010-11-24,214.0
2010-11-25,61.0
2010-11-26,223.0
2010-11-27,221.0
2010-11-28,185.0
2010-11-29,189.0
2010-11-30,214.0
2010-12-01,254.0
2010-12-02,303.0
2010-12-03,237.0
2010-12-04,251.0
2010-12-05,164.0
2010-12-06,156.0
2010-12-07,310.0
2010-12-08,350.0
2010-12-09,265.0
2010-12-10,234.0
2010-12-11,232.0
2010-12-12,147.0
2010-12-13,200.0
2010-12-14,231.0
2010-12-15,310.0
2010-12-16,242.0
2010-12-17,257.0
2010-12-18,273.0
2010-12-19,189.0
2010-12-20,185.0
2010-12-21,272.0
2010-12-22,240.0
2010-12-23,217.0
2010-12-24,101.0
2010-12-25,38.0
2010-12-26,50.0
2010-12-27,27.0
2010-12-28,72.0
2010-12-29,137.0
2010-12-30,182.0
2010-12-31,104.0
2011-01-01,225.0
2011-01-02,96.0
2011-01-03,146.0
2011-01-04,289.0
2011-01-05,329.0
2011-01-06,286.0
2011-01-07,295.0
2011-01-08,236.0
2011-01-09,199.0
2011-01-10,201.0
2011-01-11,274.0
2011-01-12,186.0
2011-01-13,353.0
2011-01-14,301.0
2011-01-15,263.0
2011-01-16,154.0
2011-01-17,259.0
2011-01-18,267.0
2011-01-19,350.0
2011-01-20,328.0
2011-01-21,323.0
2011-01-22,270.0
2011-01-23,137.0
2011-01-24,172.0
2011-01-25,313.0
2011-01-26,257.0
2011-01-27,163.0
2011-01-28,277.0
2011-01-29,253.0
2011-01-30,171.0
2011-01-31,159.0
2011-02-01,248.0
2011-02-02,262.0
2011-02-03,305.0
2011-02-04,348.0
2011-02-05,234.0
2011-02-06,138.0
2011-02-07,209.0
2011-02-08,272.0
2011-02-09,344.0
2011-02-10,312.0
2011-02-11,324.0
2011-02-12,284.0
2011-02-13,195.0
2011-02-14,166.0
2011-02-15,314.0
2011-02-16,326.0
2011-02-17,330.0
2011-02-18,298.0
2011-02-19,258.0
2011-02-20,151.0
2011-02-21,184.0
2011-02-22,297.0
2011-02-23,262.0
2011-02-24,256.0
2011-02-25,232.0
2011-02-26,239.0
2011-02-27,185.0
2011-02-28,206.0
2011-03-01,290.0
2011-03-02,297.0
2011-03-03,290.0
2011-03-04,308.0
2011-03-05,265.0
2011-03-06,154.0
2011-03-07,201.0
2011-03-08,303.0
2011-03-09,325.0
2011-03-10,279.0
2011-03-11,355.0
2011-03-12,272.0
2011-03-13,151.0
2011-03-14,230.0
2011-03-15,273.0
2011-03-16,324.0
2011-03-17,230.0
2011-03-18,233.0
2011-03-19,231.0
2011-03-20,173.0
2011-03-21,161.0
2011-03-22,303.0
2011-03-23,269.0
2011-03-24,262.0
2011-03-25,284.0
2011-03-26,207.0
2011-03-27,186.0
2011-03-28,224.0
2011-03-29,231.0
2011-03-30,289.0
2011-03-31,263.0
2011-04-01,291.0
2011-04-02,255.0
2011-04-03,196.0
2011-04-04,212.0
2011-04-05,307.0
2011-04-06,312.0
2011-04-07,299.0
2011-04-08,311.0
2011-04-09,246.0
2011-04-10,176.0
2011-04-11,226.0
2011-04-12,260.0
2011-04-13,279.0
2011-04-14,285.0
2011-04-15,324.0
2011-04-16,169.0
2011-04-17,132.0
2011-04-18,203.0
2011-04-19,269.0
2011-04-20,273.0
2011-04-21,261.0
2011-04-22,239.0
2011-04-23,186.0
2011-04-24,99.0
2011-04-25,196.0
2011-04-26,267.0
2011-04-27,261.0
2011-04-28,270.0
2011-04-29,273.0
2011-04-30,197.0
2011-05-01,156.0
2011-05-02,169.0
2011-05-03,292.0
2011-05-04,317.0
2011-05-05,262.0
2011-05-06,242.0
2011-05-07,206.0
2011-05-08,129.0
2011-05-09,249.0
2011-05-10,279.0
2011-05-11,347.0
2011-05-12,349.0
2011-05-13,300.0
2011-05-14,216.0
2011-05-15,171.0
2011-05-16,223.0
2011-05-17,276.0
2011-05-18,247.0
2011-05-19,272.0
2011-05-20,275.0
2011-05-21,284.0
2011-05-22,171.0
2011-05-23,216.0
2011-05-24,317.0
2011-05-25,258.0
2011-05-26,280.0
2011-05-27,225.0
2011-05-28,184.0
2011-05-29,138.0
2011-05-30,147.0
2011-05-31,184.0
2011-06-01,252.0
2011-06-02,279.0
2011-06-03,268.0
2011-06-04,190.0
2011-06-05,143.0
2011-06-06,225.0
2011-06-07,276.0
2011-06-08,289.0
2011-06-09,234.0
2011-06-10,231.0
2011-06-11,197.0
2011-06-12,173.0
2011-06-13,223.0
2011-06-14,273.0
2011-06-15,302.0
2011-06-16,297.0
2011-06-17,242.0
2011-06-18,223.0
2011-06-19,142.0
2011-06-20,165.0
2011-06-21,277.0
2011-06-22,297.0
2011-06-23,237.0
2011-06-24,309.0
2011-06-25,225.0
2011-06-26,153.0
2011-06-27,198.0
2011-06-28,267.0
2011-06-29,241.0
2011-06-30,249.0
2011-07-01,225.0
2011-07-02,165.0
2011-07-03,184.0
2011-07-04,133.0
2011-07-05,257.0
2011-07-06,218.0
2011-07-07,281.0
2011-07-08,225.0
2011-07-09,197.0
2011-07-10,169.0
2011-07-11,207.0
2011-07-12,237.0
2011-07-13,294.0
2011-07-14,279.0
2011-07-15,245.0
2011-07-16,222.0
2011-07-17,143.0
2011-07-18,204.0
2011-07-19,257.0
2011-07-20,264.0
2011-07-21,245.0
2011-07-22,221.0
2011-07-23,182.0
2011-07-24,153.0
2011-07-25,154.0
2011-07-26,227.0
2011-07-27,248.0
2011-07-28,233.0
2011-07-29,225.0
2011-07-30,192.0
2011-07-31,158.0
2011-08-01,167.0
2011-08-02,236.0
2011-08-03,228.0
2011-08-04,253.0
2011-08-05,242.0
2011-08-06,214.0
2011-08-07,153.0
2011-08-08,157.0
2011-08-09,257.0
2011-08-10,227.0
2011-08-11,217.0
2011-08-12,210.0
2011-08-13,203.0
2011-08-14,111.0
2011-08-15,190.0
2011-08-16,256.0
2011-08-17,231.0
2011-08-18,271.0
2011-08-19,211.0
2011-08-20,237.0
2011-08-21,148.0
2011-08-22,190.0
2011-08-23,254.0
2011-08-24,302.0
2011-08-25,227.0
2011-08-26,229.0
2011-08-27,102.0
2011-08-28,80.0
2011-08-29,189.0
2011-08-30,233.0
2011-08-31,211.0
2011-09-01,239.0
2011-09-02,195.0
2011-09-03,190.0
2011-09-04,153.0
2011-09-05,157.0
2011-09-06,150.0
2011-09-07,193.0
2011-09-08,242.0
2011-09-09,210.0
2011-09-10,191.0
2011-09-11,130.0
2011-09-12,148.0
2011-09-13,210.0
2011-09-14,229.0
2011-09-15,184.0
2011-09-16,200.0
2011-09-17,207.0
2011-09-18,135.0
2011-09-19,190.0
2011-09-20,252.0
2011-09-21,273.0
2011-09-22,281.0
2011-09-23,207.0
2011-09-24,200.0
2011-09-25,166.0
2011-09-26,192.0
2011-09-27,261.0
2011-09-28,218.0
2011-09-29,232.0
2011-09-30,209.0
2011-10-01,171.0
2011-10-02,151.0
2011-10-03,149.0
2011-10-04,291.0
2011-10-05,297.0
2011-10-06,265.0
2011-10-07,245.0
2011-10-08,209.0
2011-10-09,148.0
2011-10-10,177.0
2011-10-11,260.0
2011-10-12,260.0
2011-10-13,260.0
2011-10-14,218.0
2011-10-15,197.0
2011-10-16,227.0
2011-10-17,232.0
2011-10-18,294.0
2011-10-19,280.0
2011-10-20,359.0
2011-10-21,325.0
2011-10-22,233.0
2011-10-23,167.0
2011-10-24,221.0
2011-10-25,304.0
2011-10-26,329.0
2011-10-27,294.0
2011-10-28,261.0
2011-10-29,166.0
2011-10-30,183.0
2011-10-31,195.0
2011-11-01,325.0
2011-11-02,283.0
2011-11-03,333.0
2011-11-04,308.0
2011-11-05,237.0
2011-11-06,242.0
2011-11-07,233.0
2011-11-08,283.0
2011-11-09,328.0
2011-11-10,339.0
2011-11-11,266.0
2011-11-12,236.0
2011-11-13,164.0
2011-11-14,190.0
2011-11-15,240.0
2011-11-16,299.0
2011-11-17,254.0
2011-11-18,318.0
2011-11-19,248.0
2011-11-20,189.0
2011-11-21,209.0
2011-11-22,285.0
2011-11-23,265.0
2011-11-24,47.0
2011-11-25,227.0
2011-11-26,246.0
2011-11-27,190.0
2011-11-28,212.0
2011-11-29,307.0
2011-11-30,265.0
2011-12-01,290.0
2011-12-02,319.0
2011-12-03,269.0
2011-12-04,191.0
2011-12-05,204.0
2011-12-06,310.0
2011-12-07,304.0
2011-12-08,276.0
2011-12-09,255.0
2011-12-10,231.0
2011-12-11,180.0
2011-12-12,217.0
2011-12-13,298.0
2011-12-14,291.0
2011-12-15,296.0
2011-12-16,303.0
2011-12-17,307.0
2011-12-18,177.0
2011-12-19,154.0
2011-12-20,271.0
2011-12-21,277.0
2011-12-22,273.0
2011-12-23,213.0
2011-12-24,129.0
2011-12-25,67.0
2011-12-26,138.0
2011-12-27,188.0
2011-12-28,277.0
2011-12-29,268.0
2011-12-30,228.0
2011-12-31,177.0
2012-01-01,165.0
2012-01-02,213.0
2012-01-03,283.0
2012-01-04,317.0
2012-01-05,330.0
2012-01-06,312.0
2012-01-07,248.0
2012-01-08,182.0
2012-01-09,218.0
2012-01-10,372.0
2012-01-11,386.0
2012-01-12,309.0
2012-01-13,308.0
2012-01-14,279.0
2012-01-15,188.0
2012-01-16,205.0
2012-01-17,316.0
2012-01-18,341.0
2012-01-19,283.0
2012-01-20,340.0
2012-01-21,227.0
2012-01-22,177.0
2012-01-23,261.0
2012-01-24,334.0
2012-01-25,335.0
2012-01-26,289.0
2012-01-27,315.0
2012-01-28,312.0
2012-01-29,196.0
2012-01-30,240.0
2012-01-31,295.0
2012-02-01,383.0
2012-02-02,350.0
2012-02-03,312.0
2012-02-04,230.0
2012-02-05,154.0
2012-02-06,214.0
2012-02-07,289.0
2012-02-08,299.0
2012-02-09,360.0
2012-02-10,385.0
2012-02-11,262.0
2012-02-12,198.0
2012-02-13,269.0
2012-02-14,255.0
2012-02-15,365.0
2012-02-16,327.0
2012-02-17,335.0
2012-02-18,261.0
2012-02-19,186.0
2012-02-20,202.0
2012-02-21,328.0
2012-02-22,286.0
2012-02-23,326.0
2012-02-24,240.0
2012-02-25,227.0
2012-02-26,205.0
2012-02-27,269.0
2012-02-28,313.0
2012-02-29,289.0
2012-03-01,272.0
2012-03-02,339.0
2012-03-03,248.0
2012-03-04,204.0
2012-03-05,242.0
2012-03-06,315.0
2012-03-07,350.0
2012-03-08,308.0
2012-03-09,329.0
2012-03-10,285.0
2012-03-11,205.0
2012-03-12,277.0
2012-03-13,343.0
2012-03-14,349.0
2012-03-15,304.0
2012-03-16,287.0
2012-03-17,235.0
2012-03-18,206.0
2012-03-19,248.0
2012-03-20,317.0
2012-03-21,325.0
2012-03-22,305.0
2012-03-23,291.0
2012-03-24,267.0
2012-03-25,181.0
2012-03-26,255.0
2012-03-27,293.0
2012-03-28,344.0
2012-03-29,278.0
2012-03-30,269.0
2012-03-31,246.0
2012-04-01,177.0
2012-04-02,234.0
2012-04-03,297.0
2012-04-04,344.0
2012-04-05,325.0
2012-04-06,235.0
2012-04-07,257.0
2012-04-08,144.0
2012-04-09,190.0
2012-04-10,269.0
2012-04-11,326.0
2012-04-12,286.0
2012-04-13,258.0
2012-04-14,190.0
2012-04-15,220.0
2012-04-16,198.0
2012-04-17,309.0
2012-04-18,307.0
2012-04-19,309.0
2012-04-20,300.0
2012-04-21,211.0
2012-04-22,143.0
2012-04-23,233.0
2012-04-24,254.0
2012-04-25,304.0
2012-04-26,296.0
2012-04-27,336.0
2012-04-28,231.0
2012-04-29,204.0
2012-04-30,201.0
2012-05-01,267.0
2012-05-02,312.0
2012-05-03,365.0
2012-05-04,277.0
2012-05-05,205.0
2012-05-06,173.0
2012-05-07,228.0
2012-05-08,339.0
2012-05-09,330.0
2012-05-10,320.0
2012-05-11,278.0
2012-05-12,189.0
2012-05-13,155.0
2012-05-14,176.0
2012-05-15,341.0
2012-05-16,370.0
2012-05-17,346.0
2012-05-18,288.0
2012-05-19,240.0
2012-05-20,187.0
2012-05-21,198.0
2012-05-22,337.0
2012-05-23,316.0
2012-05-24,266.0
2012-05-25,294.0
2012-05-26,244.0
2012-05-27,153.0
2012-05-28,154.0
2012-05-29,260.0
2012-05-30,298.0
2012-05-31,297.0
2012-06-01,280.0
2012-06-02,196.0
2012-06-03,180.0
2012-06-04,179.0
2012-06-05,285.0
2012-06-06,308.0
2012-06-07,332.0
2012-06-08,244.0
2012-06-09,210.0
2012-06-10,200.0
2012-06-11,219.0
2012-06-12,262.0
2012-06-13,288.0
2012-06-14,259.0
2012-06-15,293.0
2012-06-16,206.0
2012-06-17,146.0
2012-06-18,204.0
2012-06-19,278.0
2012-06-20,300.0
2012-06-21,298.0
2012-06-22,248.0
2012-06-23,186.0
2012-06-24,188.0
2012-06-25,229.0
2012-06-26,234.0
2012-06-27,256.0
2012-06-28,223.0
2012-06-29,242.0
2012-06-30,186.0
2012-07-01,138.0
2012-07-02,184.0
2012-07-03,273.0
2012-07-04,179.0
2012-07-05,296.0
2012-07-06,226.0
2012-07-07,159.0
2012-07-08,145.0
2012-07-09,194.0
2012-07-10,292.0
2012-07-11,267.0
2012-07-12,293.0
2012-07-13,239.0
2012-07-14,215.0
2012-07-15,168.0
2012-07-16,218.0
2012-07-17,268.0
2012-07-18,269.0
2012-07-19,315.0
2012-07-20,219.0
2012-07-21,225.0
2012-07-22,172.0
2012-07-23,204.0
2012-07-24,245.0
2012-07-25,309.0
2012-07-26,283.0
2012-07-27,262.0
2012-07-28,242.0
2012-07-29,160.0
2012-07-30,200.0
2012-07-31,261.0
2012-08-01,280.0
2012-08-02,287.0
2012-08-03,256.0
2012-08-04,222.0
2012-08-05,166.0
2012-08-06,200.0
2012-08-07,288.0
2012-08-08,312.0
2012-08-09,305.0
2012-08-10,245.0
2012-08-11,226.0
2012-08-12,214.0
2012-08-13,189.0
2012-08-14,298.0
2012-08-15,277.0
2012-08-16,271.0
2012-08-17,286.0
2012-08-18,200.0
2012-08-19,186.0
2012-08-20,218.0
2012-08-21,268.0
2012-08-22,313.0
2012-08-23,302.0
2012-08-24,266.0
2012-08-25,233.0
2012-08-26,186.0
2012-08-27,197.0
2012-08-28,288.0
2012-08-29,268.0
2012-08-30,258.0
2012-08-31,223.0
2012-09-01,198.0
2012-09-02,150.0
2012-09-03,177.0
2012-09-04,214.0
2012-09-05,253.0
2012-09-06,257.0
2012-09-07,269.0
2012-09-08,218.0
2012-09-09,160.0
2012-09-10,227.0
2012-09-11,284.0
2012-09-12,328.0
2012-09-13,258.0
2012-09-14,248.0
2012-09-15,216.0
2012-09-16,176.0
2012-09-17,199.0
2012-09-18,254.0
2012-09-19,286.0
2012-09-20,300.0
2012-09-21,279.0
2012-09-22,219.0
2012-09-23,172.0
2012-09-24,206.0
2012-09-25,242.0
2012-09-26,265.0
2012-09-27,263.0
2012-09-28,253.0
2012-09-29,204.0
2012-09-30,178.0
2012-10-01,225.0
2012-10-02,286.0
2012-10-03,258.0
2012-10-04,300.0
2012-10-05,271.0
2012-10-06,235.0
2012-10-07,149.0
2012-10-08,206.0
2012-10-09,299.0
2012-10-10,314.0
2012-10-11,291.0
2012-10-12,281.0
2012-10-13,223.0
2012-10-14,185.0
2012-10-15,233.0
2012-10-16,311.0
2012-10-17,313.0
2012-10-18,317.0
2012-10-19,225.0
2012-10-20,257.0
2012-10-21,168.0
2012-10-22,233.0
2012-10-23,281.0
2012-10-24,307.0
2012-10-25,319.0
2012-10-26,232.0
2012-10-27,218.0
2012-10-28,183.0
2012-10-29,45.0
2012-10-30,91.0
2012-10-31,125.0
2012-11-01,154.0
2012-11-02,119.0
2012-11-03,144.0
2012-11-04,149.0
2012-11-05,120.0
2012-11-06,168.0
2012-11-07,138.0
2012-11-08,188.0
2012-11-09,211.0
2012-11-10,213.0
2012-11-11,124.0
2012-11-12,168.0
2012-11-13,199.0
2012-11-14,241.0
2012-11-15,294.0
2012-11-16,231.0
2012-11-17,193.0
2012-11-18,145.0
2012-11-19,215.0
2012-11-20,260.0
2012-11-21,246.0
2012-11-22,81.0
2012-11-23,216.0
2012-11-24,200.0
2012-11-25,158.0
2012-11-26,182.0
2012-11-27,205.0
2012-11-28,271.0
2012-11-29,300.0
2012-11-30,261.0
2012-12-01,224.0
2012-12-02,145.0
2012-12-03,188.0
2012-12-04,285.0
2012-12-05,303.0
2012-12-06,315.0
2012-12-07,243.0
2012-12-08,205.0
2012-12-09,164.0
2012-12-10,216.0
2012-12-11,289.0
2012-12-12,298.0
2012-12-13,252.0
2012-12-14,238.0
2012-12-15,201.0
2012-12-16,151.0
2012-12-17,201.0
2012-12-18,248.0
2012-12-19,313.0
2012-12-20,272.0
2012-12-21,203.0
2012-12-22,195.0
2012-12-23,162.0
2012-12-24,82.0
2012-12-25,55.0
2012-12-26,167.0
2012-12-27,242.0
2012-12-28,208.0
2012-12-29,173.0
2012-12-30,169.0
2012-12-31,123.0
2013-01-01,219.0
2013-01-02,273.0
2013-01-03,307.0
2013-01-04,282.0
2013-01-05,211.0
2013-01-06,179.0
2013-01-07,202.0
2013-01-08,263.0
2013-01-09,301.0
2013-01-10,319.0
2013-01-11,284.0
2013-01-12,225.0
2013-01-13,173.0
2013-01-14,234.0
2013-01-15,314.0
2013-01-16,267.0
2013-01-17,363.0
2013-01-18,330.0
2013-01-19,229.0
2013-01-20,185.0
2013-01-21,193.0
2013-01-22,239.0
2013-01-23,265.0
2013-01-24,280.0
2013-01-25,264.0
2013-01-26,250.0
2013-01-27,184.0
2013-01-28,218.0
2013-01-29,288.0
2013-01-30,313.0
2013-01-31,292.0
2013-02-01,294.0
2013-02-02,250.0
2013-02-03,147.0
2013-02-04,214.0
2013-02-05,321.0
2013-02-06,287.0
2013-02-07,413.0
2013-02-08,180.0
2013-02-09,156.0
2013-02-10,165.0
2013-02-11,215.0
2013-02-12,338.0
2013-02-13,358.0
2013-02-14,267.0
2013-02-15,332.0
2013-02-16,234.0
2013-02-17,204.0
2013-02-18,244.0
2013-02-19,291.0
2013-02-20,301.0
2013-02-21,320.0
2013-02-22,313.0
2013-02-23,270.0
2013-02-24,246.0
2013-02-25,239.0
2013-02-26,295.0
2013-02-27,320.0
2013-02-28,449.0
2013-03-01,301.0
2013-03-02,252.0
2013-03-03,180.0
2013-03-04,209.0
2013-03-05,334.0
2013-03-06,293.0
2013-03-07,295.0
2013-03-08,236.0
2013-03-09,248.0
2013-03-10,206.0
2013-03-11,282.0
2013-03-12,235.0
2013-03-13,322.0
2013-03-14,307.0
2013-03-15,300.0
2013-03-16,213.0
2013-03-17,171.0
2013-03-18,215.0
2013-03-19,278.0
2013-03-20,334.0
2013-03-21,322.0
2013-03-22,282.0
2013-03-23,218.0
2013-03-24,173.0
2013-03-25,191.0
2013-03-26,339.0
2013-03-27,348.0
2013-03-28,328.0
2013-03-29,265.0
2013-03-30,252.0
2013-03-31,116.0
2013-04-01,195.0
2013-04-02,251.0
2013-04-03,300.0
2013-04-04,295.0
2013-04-05,283.0
2013-04-06,243.0
2013-04-07,179.0
2013-04-08,212.0
2013-04-09,276.0
2013-04-10,314.0
2013-04-11,330.0
2013-04-12,299.0
2013-04-13,251.0
2013-04-14,186.0
2013-04-15,180.0
2013-04-16,305.0
2013-04-17,315.0
2013-04-18,334.0
2013-04-19,293.0
2013-04-20,254.0
2013-04-21,183.0
2013-04-22,258.0
2013-04-23,302.0
2013-04-24,294.0
2013-04-25,303.0
2013-04-26,295.0
2013-04-27,306.0
2013-04-28,175.0
2013-04-29,247.0
2013-04-30,278.0
2013-05-01,307.0
2013-05-02,300.0
2013-05-03,280.0
2013-05-04,216.0
2013-05-05,180.0
2013-05-06,236.0
2013-05-07,311.0
2013-05-08,319.0
2013-05-09,364.0
2013-05-10,282.0
2013-05-11,271.0
2013-05-12,185.0
2013-05-13,231.0
2013-05-14,349.0
2013-05-15,323.0
2013-05-16,322.0
2013-05-17,311.0
2013-05-18,234.0
2013-05-19,138.0
2013-05-20,245.0
2013-05-21,350.0
2013-05-22,318.0
2013-05-23,298.0
2013-05-24,274.0
2013-05-25,239.0
2013-05-26,188.0
2013-05-27,169.0
2013-05-28,288.0
2013-05-29,399.0
2013-05-30,260.0
2013-05-31,225.0
2013-06-01,190.0
2013-06-02,175.0
2013-06-03,220.0
2013-06-04,305.0
2013-06-05,291.0
2013-06-06,306.0
2013-06-07,250.0
2013-06-08,199.0
2013-06-09,172.0
2013-06-10,182.0
2013-06-11,314.0
2013-06-12,322.0
2013-06-13,250.0
2013-06-14,295.0
2013-06-15,243.0
2013-06-16,175.0
2013-06-17,212.0
2013-06-18,298.0
2013-06-19,294.0
2013-06-20,330.0
2013-06-21,255.0
2013-06-22,200.0
2013-06-23,164.0
2013-06-24,207.0
2013-06-25,280.0
2013-06-26,303.0
2013-06-27,272.0
2013-06-28,245.0
2013-06-29,263.0
2013-06-30,184.0
2013-07-01,214.0
2013-07-02,276.0
2013-07-03,298.0
2013-07-04,226.0
2013-07-05,217.0
2013-07-06,191.0
2013-07-07,167.0
2013-07-08,187.0
2013-07-09,296.0
2013-07-10,279.0
2013-07-11,308.0
2013-07-12,266.0
2013-07-13,218.0
2013-07-14,171.0
2013-07-15,173.0
2013-07-16,263.0
2013-07-17,249.0
2013-07-18,305.0
2013-07-19,258.0
2013-07-20,229.0
2013-07-21,175.0
2013-07-22,277.0
2013-07-23,278.0
2013-07-24,336.0
2013-07-25,336.0
2013-07-26,289.0
2013-07-27,213.0
2013-07-28,196.0
2013-07-29,211.0
2013-07-30,285.0
2013-07-31,284.0
2013-08-01,286.0
2013-08-02,252.0
2013-08-03,240.0
2013-08-04,200.0
2013-08-05,248.0
2013-08-06,277.0
2013-08-07,285.0
2013-08-08,296.0
2013-08-09,266.0
2013-08-10,251.0
2013-08-11,214.0
2013-08-12,203.0
2013-08-13,255.0
2013-08-14,323.0
2013-08-15,326.0
2013-08-16,269.0
2013-08-17,193.0
2013-08-18,184.0
2013-08-19,222.0
2013-08-20,291.0
2013-08-21,290.0
2013-08-22,237.0
2013-08-23,289.0
2013-08-24,212.0
2013-08-25,172.0
2013-08-26,213.0
2013-08-27,276.0
2013-08-28,303.0
2013-08-29,251.0
2013-08-30,267.0
2013-08-31,193.0
2013-09-01,179.0
2013-09-02,160.0
2013-09-03,273.0
2013-09-04,272.0
2013-09-05,311.0
2013-09-06,283.0
2013-09-07,263.0
2013-09-08,185.0
2013-09-09,203.0
2013-09-10,222.0
2013-09-11,302.0
2013-09-12,250.0
2013-09-13,220.0
2013-09-14,229.0
2013-09-15,174.0
2013-09-16,200.0
2013-09-17,273.0
2013-09-18,323.0
2013-09-19,329.0
2013-09-20,288.0
2013-09-21,242.0
2013-09-22,176.0
2013-09-23,218.0
2013-09-24,266.0
2013-09-25,276.0
2013-09-26,305.0
2013-09-27,282.0
2013-09-28,260.0
2013-09-29,200.0
2013-09-30,173.0
2013-10-01,229.0
2013-10-02,315.0
2013-10-03,312.0
2013-10-04,291.0
2013-10-05,249.0
2013-10-06,188.0
2013-10-07,232.0
2013-10-08,347.0
2013-10-09,381.0
2013-10-10,361.0
2013-10-11,350.0
2013-10-12,287.0
2013-10-13,234.0
2013-10-14,235.0
2013-10-15,311.0
2013-10-16,350.0
2013-10-17,382.0
2013-10-18,289.0
2013-10-19,222.0
2013-10-20,210.0
2013-10-21,265.0
2013-10-22,388.0
2013-10-23,383.0
2013-10-24,330.0
2013-10-25,320.0
2013-10-26,268.0
2013-10-27,216.0
2013-10-28,281.0
2013-10-29,356.0
2013-10-30,341.0
2013-10-31,287.0
2013-11-01,306.0
2013-11-02,262.0
2013-11-03,160.0
2013-11-04,249.0
2013-11-05,274.0
2013-11-06,314.0
2013-11-07,336.0
2013-11-08,345.0
2013-11-09,291.0
2013-11-10,209.0
2013-11-11,278.0
2013-11-12,344.0
2013-11-13,350.0
2013-11-14,348.0
2013-11-15,353.0
2013-11-16,326.0
2013-11-17,221.0
2013-11-18,291.0
2013-11-19,341.0
2013-11-20,416.0
2013-11-21,367.0
2013-11-22,343.0
2013-11-23,305.0
2013-11-24,208.0
2013-11-25,273.0
2013-11-26,305.0
2013-11-27,245.0
2013-11-28,92.0
2013-11-29,308.0
2013-11-30,268.0
2013-12-01,229.0
2013-12-02,265.0
2013-12-03,327.0
2013-12-04,348.0
2013-12-05,335.0
2013-12-06,297.0
2013-12-07,268.0
2013-12-08,226.0
2013-12-09,280.0
2013-12-10,326.0
2013-12-11,350.0
2013-12-12,310.0
2013-12-13,303.0
2013-12-14,211.0
2013-12-15,173.0
2013-12-16,266.0
2013-12-17,270.0
2013-12-18,415.0
2013-12-19,340.0
2013-12-20,308.0
2013-12-21,254.0
2013-12-22,254.0
2013-12-23,240.0
2013-12-24,181.0
2013-12-25,85.0
2013-12-26,324.0
2013-12-27,320.0
2013-12-28,291.0
2013-12-29,202.0
2013-12-30,270.0
2013-12-31,152.0
2014-01-01,282.0
2014-01-02,310.0
2014-01-03,170.0
2014-01-04,232.0
2014-01-05,182.0
2014-01-06,251.0
2014-01-07,371.0
2014-01-08,375.0
2014-01-09,374.0
2014-01-10,357.0
2014-01-11,267.0
2014-01-12,252.0
2014-01-13,331.0
2014-01-14,404.0
2014-01-15,478.0
2014-01-16,384.0
2014-01-17,394.0
2014-01-18,348.0
2014-01-19,249.0
2014-01-20,287.0
2014-01-21,191.0
2014-01-22,279.0
2014-01-23,368.0
2014-01-24,367.0
2014-01-25,300.0
2014-01-26,265.0
2014-01-27,287.0
2014-01-28,342.0
2014-01-29,366.0
2014-01-30,382.0
2014-01-31,359.0
2014-02-01,312.0
2014-02-02,239.0
2014-02-03,218.0
2014-02-04,328.0
2014-02-05,297.0
2014-02-06,376.0
2014-02-07,378.0
2014-02-08,295.0
2014-02-09,229.0
2014-02-10,261.0
2014-02-11,373.0
2014-02-12,380.0
2014-02-13,177.0
2014-02-14,280.0
2014-02-15,328.0
2014-02-16,252.0
2014-02-17,236.0
2014-02-18,327.0
2014-02-19,407.0
2014-02-20,373.0
2014-02-21,301.0
2014-02-22,363.0
2014-02-23,242.0
2014-02-24,352.0
2014-02-25,461.0
2014-02-26,390.0
2014-02-27,356.0
2014-02-28,324.0
2014-03-01,341.0
2014-03-02,243.0
2014-03-03,273.0
2014-03-04,388.0
2014-03-05,431.0
2014-03-06,400.0
2014-03-07,397.0
2014-03-08,358.0
2014-03-09,227.0
2014-03-10,304.0
2014-03-11,341.0
2014-03-12,398.0
2014-03-13,334.0
2014-03-14,380.0
2014-03-15,349.0
2014-03-16,242.0
2014-03-17,258.0
2014-03-18,360.0
2014-03-19,370.0
2014-03-20,402.0
2014-03-21,374.0
2014-03-22,347.0
2014-03-23,261.0
2014-03-24,327.0
2014-03-25,401.0
2014-03-26,390.0
2014-03-27,386.0
2014-03-28,378.0
2014-03-29,250.0
2014-03-30,212.0
2014-03-31,277.0
2014-04-01,345.0
2014-04-02,365.0
2014-04-03,351.0
2014-04-04,356.0
2014-04-05,319.0
2014-04-06,247.0
2014-04-07,252.0
2014-04-08,348.0
2014-04-09,391.0
2014-04-10,402.0
2014-04-11,359.0
2014-04-12,283.0
2014-04-13,248.0
2014-04-14,192.0
2014-04-15,305.0
2014-04-16,379.0
2014-04-17,383.0
2014-04-18,363.0
2014-04-19,281.0
2014-04-20,183.0
2014-04-21,312.0
2014-04-22,328.0
2014-04-23,380.0
2014-04-24,372.0
2014-04-25,352.0
2014-04-26,294.0
2014-04-27,261.0
2014-04-28,270.0
2014-04-29,325.0
2014-04-30,238.0
2014-05-01,328.0
2014-05-02,394.0
2014-05-03,265.0
2014-05-04,236.0
2014-05-05,279.0
2014-05-06,389.0
2014-05-07,390.0
2014-05-08,392.0
2014-05-09,355.0
2014-05-10,303.0
2014-05-11,194.0
2014-05-12,278.0
2014-05-13,344.0
2014-05-14,373.0
2014-05-15,391.0
2014-05-16,314.0
2014-05-17,268.0
2014-05-18,239.0
2014-05-19,260.0
2014-05-20,371.0
2014-05-21,418.0
2014-05-22,355.0
2014-05-23,345.0
2014-05-24,315.0
2014-05-25,224.0
2014-05-26,217.0
2014-05-27,323.0
2014-05-28,403.0
2014-05-29,371.0
2014-05-30,330.0
2014-05-31,289.0
2014-06-01,219.0
2014-06-02,293.0
2014-06-03,357.0
2014-06-04,413.0
2014-06-05,370.0
2014-06-06,360.0
2014-06-07,287.0
2014-06-08,283.0
2014-06-09,243.0
2014-06-10,378.0
2014-06-11,395.0
2014-06-12,389.0
2014-06-13,323.0
2014-06-14,296.0
2014-06-15,224.0
2014-06-16,306.0
2014-06-17,328.0
2014-06-18,405.0
2014-06-19,377.0
2014-06-20,345.0
2014-06-21,258.0
2014-06-22,250.0
2014-06-23,311.0
2014-06-24,362.0
2014-06-25,402.0
2014-06-26,359.0
2014-06-27,274.0
2014-06-28,284.0
2014-06-29,204.0
2014-06-30,267.0
2014-07-01,341.0
2014-07-02,341.0
2014-07-03,329.0
2014-07-04,229.0
2014-07-05,289.0
2014-07-06,222.0
2014-07-07,271.0
2014-07-08,333.0
2014-07-09,401.0
2014-07-10,424.0
2014-07-11,336.0
2014-07-12,273.0
2014-07-13,233.0
2014-07-14,311.0
2014-07-15,299.0
2014-07-16,381.0
2014-07-17,360.0
2014-07-18,345.0
2014-07-19,283.0
2014-07-20,273.0
2014-07-21,248.0
2014-07-22,334.0
2014-07-23,359.0
2014-07-24,304.0
2014-07-25,299.0
2014-07-26,249.0
2014-07-27,262.0
2014-07-28,254.0
2014-07-29,345.0
2014-07-30,383.0
2014-07-31,328.0
2014-08-01,333.0
2014-08-02,261.0
2014-08-03,230.0
2014-08-04,260.0
2014-08-05,321.0
2014-08-06,367.0
2014-08-07,384.0
2014-08-08,293.0
2014-08-09,289.0
2014-08-10,262.0
2014-08-11,267.0
2014-08-12,339.0
2014-08-13,350.0
2014-08-14,368.0
2014-08-15,360.0
2014-08-16,325.0
2014-08-17,235.0
2014-08-18,256.0
2014-08-19,352.0
2014-08-20,383.0
2014-08-21,376.0
2014-08-22,293.0
2014-08-23,306.0
2014-08-24,263.0
2014-08-25,263.0
2014-08-26,346.0
2014-08-27,383.0
2014-08-28,361.0
2014-08-29,250.0
2014-08-30,252.0
2014-08-31,201.0
2014-09-01,240.0
2014-09-02,306.0
2014-09-03,375.0
2014-09-04,329.0
2014-09-05,343.0
2014-09-06,295.0
2014-09-07,287.0
2014-09-08,266.0
2014-09-09,314.0
2014-09-10,369.0
2014-09-11,345.0
2014-09-12,317.0
2014-09-13,262.0
2014-09-14,237.0
2014-09-15,266.0
2014-09-16,365.0
2014-09-17,346.0
2014-09-18,378.0
2014-09-19,341.0
2014-09-20,318.0
2014-09-21,217.0
2014-09-22,247.0
2014-09-23,278.0
2014-09-24,292.0
2014-09-25,254.0
2014-09-26,286.0
2014-09-27,267.0
2014-09-28,233.0
2014-09-29,271.0
2014-09-30,301.0
2014-10-01,333.0
2014-10-02,362.0
2014-10-03,335.0
2014-10-04,260.0
2014-10-05,247.0
2014-10-06,292.0
2014-10-07,330.0
2014-10-08,395.0
2014-10-09,404.0
2014-10-10,333.0
2014-10-11,249.0
2014-10-12,270.0
2014-10-13,272.0
2014-10-14,416.0
2014-10-15,351.0
2014-10-16,338.0
2014-10-17,372.0
2014-10-18,342.0
2014-10-19,272.0
2014-10-20,308.0
2014-10-21,421.0
2014-10-22,371.0
2014-10-23,334.0
2014-10-24,386.0
2014-10-25,299.0
2014-10-26,231.0
2014-10-27,278.0
2014-10-28,361.0
2014-10-29,384.0
2014-10-30,369.0
2014-10-31,278.0
2014-11-01,250.0
2014-11-02,232.0
2014-11-03,264.0
2014-11-04,287.0
2014-11-05,381.0
2014-11-06,347.0
2014-11-07,371.0
2014-11-08,288.0
2014-11-09,265.0
2014-11-10,267.0
2014-11-11,390.0
2014-11-12,442.0
2014-11-13,365.0
2014-11-14,328.0
2014-11-15,291.0
2014-11-16,248.0
2014-11-17,254.0
2014-11-18,340.0
2014-11-19,352.0
2014-11-20,394.0
2014-11-21,387.0
2014-11-22,320.0
2014-11-23,232.0
2014-11-24,279.0
2014-11-25,314.0
2014-11-26,250.0
2014-11-27,88.0
2014-11-28,264.0
2014-11-29,288.0
2014-11-30,225.0
2014-12-01,240.0
2014-12-02,355.0
2014-12-03,290.0
2014-12-04,248.0
2014-12-05,230.0
2014-12-06,210.0
2014-12-07,196.0
2014-12-08,170.0
2014-12-09,258.0
2014-12-10,308.0
2014-12-11,315.0
2014-12-12,280.0
2014-12-13,260.0
2014-12-14,211.0
2014-12-15,260.0
2014-12-16,324.0
2014-12-17,352.0
2014-12-18,300.0
2014-12-19,305.0
2014-12-20,201.0
2014-12-21,126.0
2014-12-22,130.0
2014-12-23,155.0
2014-12-24,111.0
2014-12-25,47.0
2014-12-26,123.0
2014-12-27,109.0
2014-12-28,109.0
2014-12-29,139.0
2014-12-30,145.0
2014-12-31,102.0
2015-01-01,131.0
2015-01-02,170.0
2015-01-03,129.0
2015-01-04,102.0
2015-01-05,149.0
2015-01-06,208.0
2015-01-07,283.0
2015-01-08,279.0
2015-01-09,271.0
2015-01-10,223.0
2015-01-11,180.0
2015-01-12,242.0
2015-01-13,408.0
2015-01-14,393.0
2015-01-15,400.0
2015-01-16,341.0
2015-01-17,283.0
2015-01-18,165.0
2015-01-19,240.0
2015-01-20,361.0
2015-01-21,401.0
2015-01-22,402.0
2015-01-23,363.0
2015-01-24,239.0
2015-01-25,226.0
2015-01-26,148.0
2015-01-27,140.0
2015-01-28,341.0
2015-01-29,349.0
2015-01-30,332.0
2015-01-31,267.0
2015-02-01,180.0
2015-02-02,137.0
2015-02-03,290.0
2015-02-04,350.0
2015-02-05,374.0
2015-02-06,349.0
2015-02-07,256.0
2015-02-08,235.0
2015-02-09,222.0
2015-02-10,373.0
2015-02-11,413.0
2015-02-12,384.0
2015-02-13,322.0
2015-02-14,252.0
2015-02-15,210.0
2015-02-16,249.0
2015-02-17,329.0
2015-02-18,348.0
2015-02-19,349.0
2015-02-20,296.0
2015-02-21,241.0
2015-02-22,208.0
2015-02-23,290.0
2015-02-24,337.0
2015-02-25,413.0
2015-02-26,338.0
2015-02-27,315.0
2015-02-28,285.0
2015-03-01,182.0
2015-03-02,273.0
2015-03-03,297.0
2015-03-04,345.0
2015-03-05,229.0
2015-03-06,326.0
2015-03-07,304.0
2015-03-08,193.0
2015-03-09,291.0
2015-03-10,338.0
2015-03-11,368.0
2015-03-12,346.0
2015-03-13,307.0
2015-03-14,286.0
2015-03-15,227.0
2015-03-16,284.0
2015-03-17,278.0
2015-03-18,353.0
2015-03-19,351.0
2015-03-20,290.0
2015-03-21,314.0
2015-03-22,243.0
2015-03-23,300.0
2015-03-24,314.0
2015-03-25,357.0
2015-03-26,334.0
2015-03-27,315.0
2015-03-28,268.0
2015-03-29,251.0
2015-03-30,266.0
2015-03-31,305.0
2015-04-01,337.0
2015-04-02,372.0
2015-04-03,265.0
2015-04-04,253.0
2015-04-05,134.0
2015-04-06,245.0
2015-04-07,314.0
2015-04-08,318.0
2015-04-09,312.0
2015-04-10,285.0
2015-04-11,271.0
2015-04-12,178.0
2015-04-13,288.0
2015-04-14,288.0
2015-04-15,347.0
2015-04-16,362.0
2015-04-17,348.0
2015-04-18,250.0
2015-04-19,223.0
2015-04-20,274.0
2015-04-21,394.0
2015-04-22,358.0
2015-04-23,365.0
2015-04-24,343.0
2015-04-25,243.0
2015-04-26,254.0
2015-04-27,254.0
2015-04-28,302.0
2015-04-29,307.0
2015-04-30,364.0
2015-05-01,283.0
2015-05-02,212.0
2015-05-03,209.0
2015-05-04,224.0
2015-05-05,300.0
2015-05-06,320.0
2015-05-07,301.0
2015-05-08,204.0
2015-05-09,261.0
2015-05-10,200.0
2015-05-11,279.0
2015-05-12,325.0
2015-05-13,392.0
2015-05-14,337.0
2015-05-15,281.0
2015-05-16,257.0
2015-05-17,207.0
2015-05-18,283.0
2015-05-19,291.0
2015-05-20,344.0
2015-05-21,330.0
2015-05-22,292.0
2015-05-23,241.0
2015-05-24,203.0
2015-05-25,194.0
2015-05-26,300.0
2015-05-27,336.0
2015-05-28,337.0
2015-05-29,282.0
2015-05-30,260.0
2015-05-31,208.0
2015-06-01,230.0
2015-06-02,315.0
2015-06-03,305.0
2015-06-04,329.0
2015-06-05,277.0
2015-06-06,276.0
2015-06-07,225.0
2015-06-08,254.0
2015-06-09,332.0
2015-06-10,319.0
2015-06-11,301.0
2015-06-12,272.0
2015-06-13,206.0
2015-06-14,230.0
2015-06-15,273.0
2015-06-16,314.0
2015-06-17,319.0
2015-06-18,333.0
2015-06-19,317.0
2015-06-20,292.0
2015-06-21,181.0
2015-06-22,249.0
2015-06-23,319.0
2015-06-24,338.0
2015-06-25,357.0
2015-06-26,302.0
2015-06-27,215.0
2015-06-28,178.0
2015-06-29,250.0
2015-06-30,309.0
2015-07-01,308.0
2015-07-02,286.0
2015-07-03,296.0
2015-07-04,189.0
2015-07-05,226.0
2015-07-06,255.0
2015-07-07,309.0
2015-07-08,314.0
2015-07-09,301.0
2015-07-10,236.0
2015-07-11,236.0
2015-07-12,229.0
2015-07-13,277.0
2015-07-14,301.0
2015-07-15,306.0
2015-07-16,329.0
2015-07-17,243.0
2015-07-18,264.0
2015-07-19,199.0
2015-07-20,247.0
2015-07-21,276.0
2015-07-22,332.0
2015-07-23,329.0
2015-07-24,304.0
2015-07-25,218.0
2015-07-26,223.0
2015-07-27,229.0
2015-07-28,309.0
2015-07-29,305.0
2015-07-30,333.0
2015-07-31,268.0
2015-08-01,263.0
2015-08-02,236.0
2015-08-03,285.0
2015-08-04,306.0
2015-08-05,339.0
2015-08-06,328.0
2015-08-07,323.0
2015-08-08,255.0
2015-08-09,207.0
2015-08-10,295.0
2015-08-11,263.0
2015-08-12,376.0
2015-08-13,339.0
2015-08-14,287.0
2015-08-15,225.0
2015-08-16,214.0
2015-08-17,238.0
2015-08-18,335.0
2015-08-19,373.0
2015-08-20,351.0
2015-08-21,275.0
2015-08-22,264.0
2015-08-23,224.0
2015-08-24,263.0
2015-08-25,314.0
2015-08-26,397.0
2015-08-27,318.0
2015-08-28,285.0
2015-08-29,237.0
2015-08-30,243.0
2015-08-31,209.0
2015-09-01,294.0
2015-09-02,296.0
2015-09-03,325.0
2015-09-04,273.0
2015-09-05,240.0
2015-09-06,217.0
2015-09-07,219.0
2015-09-08,271.0
2015-09-09,274.0
2015-09-10,286.0
2015-09-11,283.0
2015-09-12,252.0
2015-09-13,201.0
2015-09-14,247.0
2015-09-15,281.0
2015-09-16,329.0
2015-09-17,298.0
2015-09-18,318.0
2015-09-19,255.0
2015-09-20,228.0
2015-09-21,268.0
2015-09-22,337.0
2015-09-23,333.0
2015-09-24,253.0
2015-09-25,215.0
2015-09-26,227.0
2015-09-27,198.0
2015-09-28,201.0
2015-09-29,303.0
2015-09-30,323.0
2015-10-01,325.0
2015-10-02,216.0
2015-10-03,223.0
2015-10-04,229.0
2015-10-05,279.0
2015-10-06,368.0
2015-10-07,344.0
2015-10-08,372.0
2015-10-09,313.0
2015-10-10,256.0
2015-10-11,230.0
2015-10-12,226.0
2015-10-13,360.0
2015-10-14,359.0
2015-10-15,309.0
2015-10-16,288.0
2015-10-17,228.0
2015-10-18,211.0
2015-10-19,271.0
2015-10-20,313.0
2015-10-21,346.0
2015-10-22,336.0
2015-10-23,332.0
2015-10-24,256.0
2015-10-25,211.0
2015-10-26,222.0
2015-10-27,292.0
2015-10-28,183.0
2015-10-29,288.0
2015-10-30,263.0
2015-10-31,277.0
2015-11-01,179.0
2015-11-02,235.0
2015-11-03,245.0
2015-11-04,323.0
2015-11-05,337.0
2015-11-06,288.0
2015-11-07,235.0
2015-11-08,221.0
2015-11-09,289.0
2015-11-10,279.0
2015-11-11,341.0
2015-11-12,285.0
2015-11-13,309.0
2015-11-14,211.0
2015-11-15,217.0
2015-11-16,287.0
2015-11-17,360.0
2015-11-18,373.0
2015-11-19,304.0
2015-11-20,311.0
2015-11-21,246.0
2015-11-22,212.0
2015-11-23,236.0
2015-11-24,327.0
2015-11-25,267.0
2015-11-26,94.0
2015-11-27,303.0
2015-11-28,279.0
2015-11-29,195.0
2015-11-30,263.0
2015-12-01,320.0
2015-12-02,292.0
2015-12-03,357.0
2015-12-04,300.0
2015-12-05,257.0
2015-12-06,176.0
2015-12-07,224.0
2015-12-08,328.0
2015-12-09,321.0
2015-12-10,281.0
2015-12-11,288.0
2015-12-12,260.0
2015-12-13,223.0
2015-12-14,247.0
2015-12-15,338.0
2015-12-16,312.0
2015-12-17,260.0
2015-12-18,283.0
2015-12-19,254.0
2015-12-20,205.0
2015-12-21,238.0
2015-12-22,289.0
2015-12-23,210.0
2015-12-24,120.0
2015-12-25,68.0
2015-12-26,184.0
2015-12-27,173.0
2015-12-28,262.0
2015-12-29,255.0
2015-12-30,212.0
2015-12-31,131.0
2016-01-01,230.0
2016-01-02,226.0
2016-01-03,197.0
2016-01-04,216.0
2016-01-05,286.0
2016-01-06,337.0
2016-01-07,354.0
2016-01-08,288.0
2016-01-09,273.0
2016-01-10,201.0
2016-01-11,271.0
2016-01-12,351.0
2016-01-13,341.0
2016-01-14,324.0
2016-01-15,340.0
2016-01-16,293.0
2016-01-17,204.0
2016-01-18,239.0
2016-01-19,301.0
2016-01-20,382.0
2016-01-21,366.0
2016-01-22,304.0
2016-01-23,65.0
2016-01-24,80.0
2016-01-25,219.0
2016-01-26,269.0
2016-01-27,381.0
2016-01-28,335.0
2016-01-29,310.0
2016-01-30,259.0
2016-01-31,221.0
2016-02-01,269.0
2016-02-02,327.0
2016-02-03,320.0
2016-02-04,392.0
2016-02-05,291.0
2016-02-06,284.0
2016-02-07,188.0
2016-02-08,218.0
2016-02-09,335.0
2016-02-10,373.0
2016-02-11,355.0
2016-02-12,293.0
2016-02-13,223.0
2016-02-14,150.0
2016-02-15,221.0
2016-02-16,261.0
2016-02-17,357.0
2016-02-18,389.0
2016-02-19,288.0
2016-02-20,270.0
2016-02-21,217.0
2016-02-22,282.0
2016-02-23,323.0
2016-02-24,304.0
2016-02-25,330.0
2016-02-26,300.0
2016-02-27,266.0
2016-02-28,213.0
2016-02-29,250.0
2016-03-01,354.0
2016-03-02,297.0
2016-03-03,403.0
2016-03-04,310.0
2016-03-05,273.0
2016-03-06,232.0
2016-03-07,252.0
2016-03-08,334.0
2016-03-09,340.0
2016-03-10,282.0
2016-03-11,321.0
2016-03-12,223.0
2016-03-13,199.0
2016-03-14,203.0
2016-03-15,323.0
2016-03-16,317.0
2016-03-17,261.0
2016-03-18,299.0
2016-03-19,262.0
2016-03-20,206.0
2016-03-21,269.0
2016-03-22,350.0
2016-03-23,335.0
2016-03-24,309.0
2016-03-25,257.0
2016-03-26,272.0
2016-03-27,156.0
2016-03-28,258.0
2016-03-29,312.0
2016-03-30,348.0
2016-03-31,374.0
2016-04-01,251.0
2016-04-02,248.0
2016-04-03,200.0
2016-04-04,240.0
2016-04-05,289.0
2016-04-06,365.0
2016-04-07,331.0
2016-04-08,293.0
2016-04-09,246.0
2016-04-10,222.0
2016-04-11,270.0
2016-04-12,322.0
2016-04-13,373.0
2016-04-14,351.0
2016-04-15,316.0
2016-04-16,282.0
2016-04-17,205.0
2016-04-18,248.0
2016-04-19,276.0
2016-04-20,350.0
2016-04-21,310.0
2016-04-22,281.0
2016-04-23,230.0
2016-04-24,194.0
2016-04-25,232.0
2016-04-26,326.0
2016-04-27,365.0
2016-04-28,363.0
2016-04-29,290.0
2016-04-30,244.0
2016-05-01,170.0
2016-05-02,269.0
2016-05-03,328.0
2016-05-04,328.0
2016-05-05,309.0
2016-05-06,291.0
2016-05-07,221.0
2016-05-08,185.0
2016-05-09,262.0
2016-05-10,344.0
2016-05-11,372.0
2016-05-12,317.0
2016-05-13,292.0
2016-05-14,242.0
2016-05-15,219.0
2016-05-16,269.0
2016-05-17,375.0
2016-05-18,349.0
2016-05-19,356.0
2016-05-20,327.0
2016-05-21,256.0
2016-05-22,200.0
2016-05-23,267.0
2016-05-24,322.0
2016-05-25,334.0
2016-05-26,324.0
2016-05-27,307.0
2016-05-28,235.0
2016-05-29,179.0
2016-05-30,194.0
2016-05-31,326.0
2016-06-01,334.0
2016-06-02,352.0
2016-06-03,286.0
2016-06-04,224.0
2016-06-05,211.0
2016-06-06,285.0
2016-06-07,276.0
2016-06-08,300.0
2016-06-09,332.0
2016-06-10,270.0
2016-06-11,224.0
2016-06-12,188.0
2016-06-13,267.0
2016-06-14,281.0
2016-06-15,344.0
2016-06-16,294.0
2016-06-17,278.0
2016-06-18,184.0
2016-06-19,173.0
2016-06-20,221.0
2016-06-21,313.0
2016-06-22,269.0
2016-06-23,311.0
2016-06-24,231.0
2016-06-25,235.0
2016-06-26,210.0
2016-06-27,245.0
2016-06-28,311.0
2016-06-29,320.0
2016-06-30,325.0
2016-07-01,277.0
2016-07-02,240.0
2016-07-03,221.0
2016-07-04,199.0
2016-07-05,266.0
2016-07-06,329.0
2016-07-07,334.0
2016-07-08,236.0
2016-07-09,206.0
2016-07-10,204.0
2016-07-11,245.0
2016-07-12,323.0
2016-07-13,265.0
2016-07-14,310.0
2016-07-15,270.0
2016-07-16,215.0
2016-07-17,154.0
2016-07-18,225.0
2016-07-19,287.0
2016-07-20,305.0
2016-07-21,279.0
2016-07-22,249.0
2016-07-23,208.0
2016-07-24,237.0
2016-07-25,194.0
2016-07-26,319.0
2016-07-27,317.0
2016-07-28,286.0
2016-07-29,241.0
2016-07-30,206.0
2016-07-31,178.0
2016-08-01,235.0
2016-08-02,289.0
2016-08-03,315.0
2016-08-04,273.0
2016-08-05,251.0
2016-08-06,218.0
2016-08-07,222.0
2016-08-08,253.0
2016-08-09,284.0
2016-08-10,325.0
2016-08-11,327.0
2016-08-12,259.0
2016-08-13,215.0
2016-08-14,195.0
2016-08-15,228.0
2016-08-16,304.0
2016-08-17,309.0
2016-08-18,323.0
2016-08-19,258.0
2016-08-20,255.0
2016-08-21,214.0
2016-08-22,255.0
2016-08-23,331.0
2016-08-24,409.0
2016-08-25,342.0
2016-08-26,304.0
2016-08-27,226.0
2016-08-28,210.0
2016-08-29,221.0
2016-08-30,325.0
2016-08-31,339.0
2016-09-01,260.0
2016-09-02,251.0
2016-09-03,274.0
2016-09-04,254.0
2016-09-05,218.0
2016-09-06,313.0
2016-09-07,299.0
2016-09-08,323.0
2016-09-09,232.0
2016-09-10,244.0
2016-09-11,183.0
2016-09-12,258.0
2016-09-13,265.0
2016-09-14,328.0
2016-09-15,298.0
2016-09-16,268.0
2016-09-17,235.0
2016-09-18,159.0
2016-09-19,188.0
2016-09-20,242.0
2016-09-21,311.0
2016-09-22,319.0
2016-09-23,281.0
2016-09-24,238.0
2016-09-25,193.0
2016-09-26,256.0
2016-09-27,305.0
2016-09-28,340.0
2016-09-29,318.0
2016-09-30,213.0
2016-10-01,228.0
2016-10-02,197.0
2016-10-03,240.0
2016-10-04,313.0
2016-10-05,344.0
2016-10-06,315.0
2016-10-07,275.0
2016-10-08,237.0
2016-10-09,194.0
2016-10-10,186.0
2016-10-11,303.0
2016-10-12,348.0
2016-10-13,306.0
2016-10-14,316.0
2016-10-15,222.0
2016-10-16,234.0
2016-10-17,260.0
2016-10-18,342.0
2016-10-19,335.0
2016-10-20,330.0
2016-10-21,286.0
2016-10-22,241.0
2016-10-23,175.0
2016-10-24,271.0
2016-10-25,291.0
2016-10-26,347.0
2016-10-27,282.0
2016-10-28,269.0
2016-10-29,241.0
2016-10-30,203.0
2016-10-31,209.0
2016-11-01,305.0
2016-11-02,378.0
2016-11-03,309.0
2016-11-04,288.0
2016-11-05,253.0
2016-11-06,202.0
2016-11-07,225.0
2016-11-08,234.0
2016-11-09,295.0
2016-11-10,208.0
2016-11-11,269.0
2016-11-12,219.0
2016-11-13,223.0
2016-11-14,234.0
2016-11-15,233.0
2016-11-16,271.0
2016-11-17,305.0
2016-11-18,284.0
2016-11-19,276.0
2016-11-20,171.0
2016-11-21,224.0
2016-11-22,283.0
2016-11-23,311.0
2016-11-24,69.0
2016-11-25,251.0
2016-11-26,261.0
2016-11-27,218.0
2016-11-28,267.0
2016-11-29,260.0
2016-11-30,268.0
2016-12-01,277.0
2016-12-02,294.0
2016-12-03,246.0
2016-12-04,196.0
2016-12-05,229.0
2016-12-06,300.0
2016-12-07,353.0
2016-12-08,311.0
2016-12-09,293.0
2016-12-10,243.0
2016-12-11,198.0
2016-12-12,206.0
2016-12-13,339.0
2016-12-14,338.0
2016-12-15,254.0
2016-12-16,224.0
2016-12-17,214.0
2016-12-18,196.0
2016-12-19,208.0
2016-12-20,327.0
2016-12-21,326.0
2016-12-22,305.0
2016-12-23,245.0
2016-12-24,163.0
2016-12-25,62.0
2016-12-26,178.0
2016-12-27,259.0
2016-12-28,260.0
2016-12-29,276.0
2016-12-30,258.0
2016-12-31,186.0
2017-01-01,168.0
2017-01-02,186.0
2017-01-03,317.0
2017-01-04,324.0
2017-01-05,331.0
2017-01-06,297.0
2017-01-07,184.0
2017-01-08,144.0
2017-01-09,206.0
2017-01-10,297.0
2017-01-11,349.0
2017-01-12,363.0
2017-01-13,221.0
2017-01-14,284.0
2017-01-15,180.0
2017-01-16,242.0
2017-01-17,302.0
2017-01-18,333.0
2017-01-19,318.0
2017-01-20,321.0
2017-01-21,260.0
2017-01-22,231.0
2017-01-23,260.0
2017-01-24,279.0
2017-01-25,341.0
2017-01-26,336.0
2017-01-27,330.0
2017-01-28,234.0
2017-01-29,223.0
2017-01-30,271.0
2017-01-31,283.0
2017-02-01,370.0
2017-02-02,365.0
2017-02-03,293.0
2017-02-04,259.0
2017-02-05,206.0
2017-02-06,239.0
2017-02-07,316.0
2017-02-08,388.0
2017-02-09,154.0
2017-02-10,270.0
2017-02-11,245.0
2017-02-12,243.0
2017-02-13,258.0
2017-02-14,312.0
2017-02-15,362.0
2017-02-16,319.0
2017-02-17,264.0
2017-02-18,248.0
2017-02-19,218.0
2017-02-20,259.0
2017-02-21,252.0
2017-02-22,230.0
2017-02-23,274.0
2017-02-24,281.0
2017-02-25,244.0
2017-02-26,195.0
2017-02-27,246.0
2017-02-28,326.0
2017-03-01,314.0
2017-03-02,318.0
2017-03-03,278.0
2017-03-04,256.0
2017-03-05,215.0
2017-03-06,277.0
2017-03-07,381.0
2017-03-08,381.0
2017-03-09,332.0
2017-03-10,281.0
2017-03-11,276.0
2017-03-12,199.0
2017-03-13,267.0
2017-03-14,71.0
2017-03-15,213.0
2017-03-16,308.0
2017-03-17,211.0
2017-03-18,203.0
2017-03-19,164.0
2017-03-20,285.0
2017-03-21,306.0
2017-03-22,331.0
2017-03-23,325.0
2017-03-24,267.0
2017-03-25,234.0
2017-03-26,190.0
2017-03-27,242.0
2017-03-28,265.0
2017-03-29,352.0
2017-03-30,293.0
2017-03-31,236.0
2017-04-01,247.0
2017-04-02,177.0
2017-04-03,273.0
2017-04-04,295.0
2017-04-05,361.0
2017-04-06,298.0
2017-04-07,288.0
2017-04-08,230.0
2017-04-09,218.0
2017-04-10,268.0
2017-04-11,325.0
2017-04-12,300.0
2017-04-13,296.0
2017-04-14,262.0
2017-04-15,241.0
2017-04-16,135.0
2017-04-17,281.0
2017-04-18,315.0
2017-04-19,327.0
2017-04-20,326.0
2017-04-21,283.0
2017-04-22,208.0
2017-04-23,197.0
2017-04-24,262.0
2017-04-25,279.0
2017-04-26,293.0
2017-04-27,288.0
2017-04-28,270.0
2017-04-29,189.0
2017-04-30,199.0
2017-05-01,212.0
2017-05-02,322.0
2017-05-03,348.0
2017-05-04,338.0
2017-05-05,228.0
2017-05-06,267.0
2017-05-07,211.0
2017-05-08,257.0
2017-05-09,309.0
2017-05-10,348.0
2017-05-11,324.0
2017-05-12,293.0
2017-05-13,171.0
2017-05-14,146.0
2017-05-15,280.0
2017-05-16,268.0
2017-05-17,302.0
2017-05-18,334.0
2017-05-19,255.0
2017-05-20,243.0
2017-05-21,201.0
2017-05-22,247.0
2017-05-23,359.0
2017-05-24,354.0
2017-05-25,283.0
2017-05-26,277.0
2017-05-27,201.0
2017-05-28,185.0
2017-05-29,197.0
2017-05-30,321.0
2017-05-31,296.0
2017-06-01,335.0
2017-06-02,254.0
2017-06-03,188.0
2017-06-04,191.0
2017-06-05,265.0
2017-06-06,310.0
2017-06-07,284.0
2017-06-08,264.0
2017-06-09,293.0
2017-06-10,220.0
2017-06-11,183.0
2017-06-12,196.0
2017-06-13,304.0
2017-06-14,270.0
2017-06-15,291.0
2017-06-16,282.0
2017-06-17,191.0
2017-06-18,199.0
2017-06-19,221.0
2017-06-20,241.0
2017-06-21,333.0
2017-06-22,302.0
2017-06-23,236.0
2017-06-24,192.0
2017-06-25,198.0
2017-06-26,215.0
2017-06-27,290.0
2017-06-28,269.0
2017-06-29,278.0
2017-06-30,202.0
2017-07-01,236.0
2017-07-02,208.0
2017-07-03,235.0
2017-07-04,201.0
2017-07-05,267.0
2017-07-06,313.0
2017-07-07,264.0
2017-07-08,202.0
2017-07-09,168.0
2017-07-10,209.0
2017-07-11,225.0
2017-07-12,332.0
2017-07-13,329.0
2017-07-14,252.0
2017-07-15,222.0
2017-07-16,164.0
2017-07-17,219.0
2017-07-18,306.0
2017-07-19,341.0
2017-07-20,286.0
2017-07-21,262.0
2017-07-22,204.0
2017-07-23,209.0
2017-07-24,241.0
2017-07-25,296.0
2017-07-26,343.0
2017-07-27,313.0
2017-07-28,260.0
2017-07-29,233.0
2017-07-30,198.0
2017-07-31,210.0
2017-08-01,230.0
2017-08-02,292.0
2017-08-03,300.0
2017-08-04,267.0
2017-08-05,208.0
2017-08-06,163.0
2017-08-07,216.0
2017-08-08,319.0
2017-08-09,324.0
2017-08-10,352.0
2017-08-11,256.0
2017-08-12,239.0
2017-08-13,177.0
2017-08-14,239.0
2017-08-15,232.0
2017-08-16,339.0
2017-08-17,290.0
2017-08-18,234.0
2017-08-19,220.0
2017-08-20,177.0
2017-08-21,226.0
2017-08-22,281.0
2017-08-23,270.0
2017-08-24,267.0
2017-08-25,239.0
2017-08-26,177.0
2017-08-27,193.0
2017-08-28,224.0
2017-08-29,249.0
2017-08-30,305.0
2017-08-31,292.0
2017-09-01,227.0
2017-09-02,234.0
2017-09-03,156.0
2017-09-04,172.0
2017-09-05,229.0
2017-09-06,340.0
2017-09-07,318.0
2017-09-08,258.0
2017-09-09,198.0
2017-09-10,176.0
2017-09-11,201.0
2017-09-12,267.0
2017-09-13,313.0
2017-09-14,294.0
2017-09-15,268.0
2017-09-16,226.0
2017-09-17,181.0
2017-09-18,211.0
2017-09-19,191.0
2017-09-20,301.0
2017-09-21,251.0
2017-09-22,221.0
2017-09-23,248.0
2017-09-24,206.0
2017-09-25,206.0
2017-09-26,281.0
2017-09-27,284.0
2017-09-28,297.0
2017-09-29,225.0
2017-09-30,248.0
2017-10-01,188.0
2017-10-02,269.0
2017-10-03,305.0
2017-10-04,319.0
2017-10-05,306.0
2017-10-06,248.0
2017-10-07,209.0
2017-10-08,199.0
2017-10-09,220.0
2017-10-10,302.0
2017-10-11,321.0
2017-10-12,313.0
2017-10-13,294.0
2017-10-14,234.0
2017-10-15,232.0
2017-10-16,252.0
2017-10-17,298.0
2017-10-18,287.0
2017-10-19,361.0
2017-10-20,287.0
2017-10-21,194.0
2017-10-22,187.0
2017-10-23,253.0
2017-10-24,281.0
2017-10-25,339.0
2017-10-26,313.0
2017-10-27,247.0
2017-10-28,236.0
2017-10-29,166.0
2017-10-30,233.0
2017-10-31,242.0
2017-11-01,396.0
2017-11-02,356.0
2017-11-03,305.0
2017-11-04,236.0
2017-11-05,159.0
2017-11-06,248.0
2017-11-07,252.0
2017-11-08,295.0
2017-11-09,335.0
2017-11-10,284.0
2017-11-11,203.0
2017-11-12,214.0
2017-11-13,290.0
2017-11-14,347.0
2017-11-15,322.0
2017-11-16,304.0
2017-11-17,295.0
2017-11-18,213.0
2017-11-19,199.0
2017-11-20,249.0
2017-11-21,283.0
2017-11-22,262.0
2017-11-23,78.0
2017-11-24,260.0
2017-11-25,239.0
2017-11-26,208.0
2017-11-27,230.0
2017-11-28,313.0
2017-11-29,344.0
2017-11-30,308.0
2017-12-01,273.0
2017-12-02,249.0
2017-12-03,203.0
2017-12-04,291.0
2017-12-05,309.0
2017-12-06,294.0
2017-12-07,311.0
2017-12-08,273.0
2017-12-09,208.0
2017-12-10,181.0
2017-12-11,261.0
2017-12-12,264.0
2017-12-13,279.0
2017-12-14,245.0
2017-12-15,226.0
2017-12-16,224.0
2017-12-17,230.0
2017-12-18,245.0
2017-12-19,290.0
2017-12-20,315.0
2017-12-21,260.0
2017-12-22,230.0
2017-12-23,205.0
2017-12-24,134.0
2017-12-25,49.0
2017-12-26,222.0
2017-12-27,229.0
2017-12-28,227.0
2017-12-29,187.0
2017-12-30,173.0
2017-12-31,144.0
2018-01-01,150.0
2018-01-02,259.0
2018-01-03,291.0
2018-01-04,98.0
2018-01-05,172.0
2018-01-06,191.0
2018-01-07,165.0
2018-01-08,247.0
2018-01-09,359.0
2018-01-10,332.0
2018-01-11,406.0
2018-01-12,248.0
2018-01-13,255.0
2018-01-14,199.0
2018-01-15,285.0
2018-01-16,351.0
2018-01-17,335.0
2018-01-18,312.0
2018-01-19,354.0
2018-01-20,264.0
2018-01-21,223.0
2018-01-22,288.0
2018-01-23,322.0
2018-01-24,373.0
2018-01-25,301.0
2018-01-26,333.0
2018-01-27,276.0
2018-01-28,206.0
2018-01-29,257.0
2018-01-30,324.0
2018-01-31,306.0
2018-02-01,327.0
2018-02-02,275.0
2018-02-03,275.0
2018-02-04,189.0
2018-02-05,230.0
2018-02-06,339.0
2018-02-07,319.0
2018-02-08,377.0
2018-02-09,296.0
2018-02-10,245.0
2018-02-11,174.0
2018-02-12,273.0
2018-02-13,381.0
2018-02-14,344.0
2018-02-15,318.0
2018-02-16,259.0
2018-02-17,192.0
2018-02-18,196.0
2018-02-19,246.0
2018-02-20,332.0
2018-02-21,342.0
2018-02-22,324.0
2018-02-23,286.0
2018-02-24,200.0
2018-02-25,185.0
2018-02-26,234.0
2018-02-27,305.0
2018-02-28,330.0
2018-03-01,351.0
2018-03-02,175.0
2018-03-03,202.0
2018-03-04,212.0
2018-03-05,239.0
2018-03-06,367.0
2018-03-07,196.0
2018-03-08,293.0
2018-03-09,309.0
2018-03-10,233.0
2018-03-11,158.0
2018-03-12,277.0
2018-03-13,296.0
2018-03-14,357.0
2018-03-15,315.0
2018-03-16,287.0
2018-03-17,226.0
2018-03-18,203.0
2018-03-19,261.0
2018-03-20,331.0
2018-03-21,178.0
2018-03-22,244.0
2018-03-23,280.0
2018-03-24,214.0
2018-03-25,174.0
2018-03-26,239.0
2018-03-27,343.0
2018-03-28,356.0
2018-03-29,317.0
2018-03-30,221.0
2018-03-31,186.0
2018-04-01,166.0
2018-04-02,205.0
2018-04-03,275.0
2018-04-04,290.0
2018-04-05,276.0
2018-04-06,253.0
2018-04-07,258.0
2018-04-08,182.0
2018-04-09,252.0
2018-04-10,349.0
2018-04-11,318.0
2018-04-12,349.0
2018-04-13,255.0
2018-04-14,210.0
2018-04-15,193.0
2018-04-16,208.0
2018-04-17,308.0
2018-04-18,297.0
2018-04-19,272.0
2018-04-20,250.0
2018-04-21,231.0
2018-04-22,184.0
2018-04-23,225.0
2018-04-24,306.0
2018-04-25,400.0
2018-04-26,352.0
2018-04-27,276.0
2018-04-28,228.0
2018-04-29,191.0
2018-04-30,229.0
2018-05-01,349.0
2018-05-02,319.0
2018-05-03,277.0
2018-05-04,281.0
2018-05-05,197.0
2018-05-06,200.0
2018-05-07,227.0
2018-05-08,307.0
2018-05-09,300.0
2018-05-10,306.0
2018-05-11,251.0
2018-05-12,272.0
2018-05-13,159.0
2018-05-14,226.0
2018-05-15,220.0
2018-05-16,303.0
2018-05-17,323.0
2018-05-18,297.0
2018-05-19,188.0
2018-05-20,200.0
2018-05-21,229.0
2018-05-22,256.0
2018-05-23,317.0
2018-05-24,303.0
2018-05-25,241.0
2018-05-26,233.0
2018-05-27,175.0
2018-05-28,167.0
2018-05-29,281.0
2018-05-30,329.0
2018-05-31,292.0
2018-06-01,245.0
2018-06-02,223.0
2018-06-03,173.0
2018-06-04,257.0
2018-06-05,289.0
2018-06-06,293.0
2018-06-07,281.0
2018-06-08,231.0
2018-06-09,206.0
2018-06-10,184.0
2018-06-11,193.0
2018-06-12,281.0
2018-06-13,279.0
2018-06-14,286.0
2018-06-15,250.0
2018-06-16,222.0
2018-06-17,177.0
2018-06-18,206.0
2018-06-19,275.0
2018-06-20,320.0
2018-06-21,303.0
2018-06-22,249.0
2018-06-23,205.0
2018-06-24,169.0
2018-06-25,206.0
2018-06-26,253.0
2018-06-27,312.0
2018-06-28,252.0
2018-06-29,272.0
2018-06-30,189.0
2018-07-01,151.0
2018-07-02,224.0
2018-07-03,281.0
2018-07-04,158.0
2018-07-05,274.0
2018-07-06,279.0
2018-07-07,223.0
2018-07-08,175.0
2018-07-09,232.0
2018-07-10,275.0
2018-07-11,267.0
2018-07-12,283.0
2018-07-13,237.0
2018-07-14,247.0
2018-07-15,199.0
2018-07-16,279.0
2018-07-17,262.0
2018-07-18,311.0
2018-07-19,260.0
2018-07-20,249.0
2018-07-21,249.0
2018-07-22,177.0
2018-07-23,246.0
2018-07-24,301.0
2018-07-25,302.0
2018-07-26,317.0
2018-07-27,264.0
2018-07-28,205.0
2018-07-29,197.0
2018-07-30,234.0
2018-07-31,298.0
2018-08-01,342.0
2018-08-02,287.0
2018-08-03,312.0
2018-08-04,228.0
2018-08-05,215.0
2018-08-06,243.0
2018-08-07,295.0
2018-08-08,341.0
2018-08-09,288.0
2018-08-10,243.0
2018-08-11,203.0
2018-08-12,195.0
2018-08-13,179.0
2018-08-14,292.0
2018-08-15,287.0
2018-08-16,314.0
2018-08-17,304.0
2018-08-18,192.0
2018-08-19,233.0
2018-08-20,242.0
2018-08-21,317.0
2018-08-22,261.0
2018-08-23,281.0
2018-08-24,309.0
2018-08-25,220.0
2018-08-26,204.0
2018-08-27,228.0
2018-08-28,286.0
2018-08-29,278.0
2018-08-30,299.0
2018-08-31,232.0
2018-09-01,208.0
2018-09-02,200.0
2018-09-03,176.0
2018-09-04,225.0
2018-09-05,290.0
2018-09-06,300.0
2018-09-07,286.0
2018-09-08,186.0
2018-09-09,151.0
2018-09-10,198.0
2018-09-11,288.0
2018-09-12,298.0
2018-09-13,274.0
2018-09-14,263.0
2018-09-15,194.0
2018-09-16,165.0
2018-09-17,274.0
2018-09-18,257.0
2018-09-19,309.0
2018-09-20,300.0
2018-09-21,272.0
2018-09-22,190.0
2018-09-23,151.0
2018-09-24,169.0
2018-09-25,201.0
2018-09-26,236.0
2018-09-27,256.0
2018-09-28,237.0
2018-09-29,194.0
2018-09-30,166.0
2018-10-01,203.0
2018-10-02,269.0
2018-10-03,296.0
2018-10-04,273.0
2018-10-05,252.0
2018-10-06,171.0
2018-10-07,171.0
2018-10-08,180.0
2018-10-09,292.0
2018-10-10,303.0
2018-10-11,256.0
2018-10-12,252.0
2018-10-13,228.0
2018-10-14,151.0
2018-10-15,229.0
2018-10-16,296.0
2018-10-17,296.0
2018-10-18,256.0
2018-10-19,248.0
2018-10-20,188.0
2018-10-21,158.0
2018-10-22,224.0
2018-10-23,276.0
2018-10-24,262.0
2018-10-25,267.0
2018-10-26,253.0
2018-10-27,162.0
2018-10-28,182.0
2018-10-29,199.0
2018-10-30,251.0
2018-10-31,237.0
2018-11-01,327.0
2018-11-02,253.0
2018-11-03,145.0
2018-11-04,168.0
2018-11-05,190.0
2018-11-06,230.0
2018-11-07,321.0
2018-11-08,290.0
2018-11-09,229.0
2018-11-10,192.0
2018-11-11,175.0
2018-11-12,190.0
2018-11-13,241.0
2018-11-14,280.0
2018-11-15,215.0
2018-11-16,232.0
2018-11-17,204.0
2018-11-18,174.0
2018-11-19,249.0
2018-11-20,284.0
2018-11-21,232.0
2018-11-22,79.0
2018-11-23,260.0
2018-11-24,202.0
2018-11-25,194.0
2018-11-26,206.0
2018-11-27,300.0
2018-11-28,298.0
2018-11-29,311.0
2018-11-30,234.0
2018-12-01,194.0
2018-12-02,181.0
2018-12-03,236.0
2018-12-04,277.0
2018-12-05,280.0
2018-12-06,287.0
2018-12-07,243.0
2018-12-08,190.0
2018-12-09,177.0
2018-12-10,223.0
2018-12-11,363.0
2018-12-12,293.0
2018-12-13,269.0
2018-12-14,269.0
2018-12-15,207.0
2018-12-16,147.0
2018-12-17,213.0
2018-12-18,303.0
2018-12-19,239.0
2018-12-20,275.0
2018-12-21,238.0
2018-12-22,210.0
2018-12-23,181.0
2018-12-24,124.0
2018-12-25,73.0
2018-12-26,210.0
2018-12-27,255.0
2018-12-28,220.0
2018-12-29,226.0
2018-12-30,159.0
2018-12-31,131.0
2019-01-01,191.0
2019-01-02,285.0
2019-01-03,285.0
2019-01-04,294.0
2019-01-05,205.0
2019-01-06,183.0
2019-01-07,255.0
2019-01-08,308.0
2019-01-09,283.0
2019-01-10,316.0
2019-01-11,248.0
2019-01-12,219.0
2019-01-13,177.0
2019-01-14,243.0
2019-01-15,278.0
2019-01-16,252.0
2019-01-17,288.0
2019-01-18,265.0
2019-01-19,221.0
2019-01-20,179.0
2019-01-21,158.0
2019-01-22,300.0
2019-01-23,312.0
2019-01-24,313.0
2019-01-25,306.0
2019-01-26,221.0
2019-01-27,200.0
2019-01-28,190.0
2019-01-29,238.0
2019-01-30,262.0
2019-01-31,234.0
2019-02-01,283.0
2019-02-02,213.0
2019-02-03,194.0
2019-02-04,330.0
2019-02-05,246.0
2019-02-06,263.0
2019-02-07,283.0
2019-02-08,213.0
2019-02-09,220.0
2019-02-10,186.0
2019-02-11,221.0
2019-02-12,252.0
2019-02-13,295.0
2019-02-14,302.0
2019-02-15,280.0
2019-02-16,239.0
2019-02-17,187.0
2019-02-18,194.0
2019-02-19,267.0
2019-02-20,148.0
2019-02-21,281.0
2019-02-22,261.0
2019-02-23,208.0
2019-02-24,197.0
2019-02-25,207.0
2019-02-26,238.0
2019-02-27,275.0
2019-02-28,256.0
2019-03-01,247.0
2019-03-02,195.0
2019-03-03,191.0
2019-03-04,176.0
2019-03-05,283.0
2019-03-06,243.0
2019-03-07,240.0
2019-03-08,277.0
2019-03-09,197.0
2019-03-10,181.0
2019-03-11,342.0
2019-03-12,287.0
2019-03-13,306.0
2019-03-14,273.0
2019-03-15,237.0
2019-03-16,215.0
2019-03-17,162.0
2019-03-18,203.0
2019-03-19,267.0
2019-03-20,326.0
2019-03-21,261.0
2019-03-22,228.0
2019-03-23,219.0
2019-03-24,199.0
2019-03-25,232.0
2019-03-26,277.0
2019-03-27,316.0
2019-03-28,309.0
2019-03-29,262.0
2019-03-30,196.0
2019-03-31,154.0
2019-04-01,227.0
2019-04-02,258.0
2019-04-03,306.0
2019-04-04,260.0
2019-04-05,271.0
2019-04-06,211.0
2019-04-07,167.0
2019-04-08,208.0
2019-04-09,322.0
2019-04-10,296.0
2019-04-11,305.0
2019-04-12,210.0
2019-04-13,192.0
2019-04-14,161.0
2019-04-15,225.0
2019-04-16,274.0
2019-04-17,323.0
2019-04-18,250.0
2019-04-19,232.0
2019-04-20,155.0
2019-04-21,177.0
2019-04-22,181.0
2019-04-23,242.0
2019-04-24,277.0
2019-04-25,300.0
2019-04-26,212.0
2019-04-27,205.0
2019-04-28,187.0
2019-04-29,198.0
2019-04-30,308.0
2019-05-01,318.0
2019-05-02,323.0
2019-05-03,265.0
2019-05-04,202.0
2019-05-05,150.0
2019-05-06,263.0
2019-05-07,277.0
2019-05-08,246.0
2019-05-09,302.0
2019-05-10,283.0
2019-05-11,185.0
2019-05-12,129.0
2019-05-13,184.0
2019-05-14,277.0
2019-05-15,306.0
2019-05-16,254.0
2019-05-17,231.0
2019-05-18,219.0
2019-05-19,213.0
2019-05-20,208.0
2019-05-21,326.0
2019-05-22,314.0
2019-05-23,280.0
2019-05-24,237.0
2019-05-25,210.0
2019-05-26,146.0
2019-05-27,185.0
2019-05-28,282.0
2019-05-29,285.0
2019-05-30,280.0
2019-05-31,208.0
2019-06-01,201.0
2019-06-02,165.0
2019-06-03,213.0
2019-06-04,286.0
2019-06-05,300.0
2019-06-06,317.0
2019-06-07,220.0
2019-06-08,163.0
2019-06-09,196.0
2019-06-10,207.0
2019-06-11,270.0
2019-06-12,290.0
2019-06-13,299.0
2019-06-14,208.0
2019-06-15,207.0
2019-06-16,169.0
2019-06-17,224.0
2019-06-18,218.0
2019-06-19,310.0
2019-06-20,224.0
2019-06-21,212.0
2019-06-22,172.0
2019-06-23,180.0
2019-06-24,202.0
2019-06-25,187.0
2019-06-26,240.0
2019-06-27,240.0
2019-06-28,198.0
2019-06-29,179.0
2019-06-30,122.0
2019-07-01,196.0
2019-07-02,263.0
2019-07-03,297.0
2019-07-04,191.0
2019-07-05,240.0
2019-07-06,220.0
2019-07-07,174.0
2019-07-08,207.0
2019-07-09,277.0
2019-07-10,280.0
2019-07-11,306.0
2019-07-12,254.0
2019-07-13,208.0
2019-07-14,171.0
2019-07-15,216.0
2019-07-16,270.0
2019-07-17,264.0
2019-07-18,255.0
2019-07-19,217.0
2019-07-20,194.0
2019-07-21,196.0
2019-07-22,247.0
2019-07-23,284.0
2019-07-24,322.0
2019-07-25,286.0
2019-07-26,210.0
2019-07-27,164.0
2019-07-28,169.0
2019-07-29,181.0
2019-07-30,253.0
2019-07-31,278.0
2019-08-01,302.0
2019-08-02,207.0
2019-08-03,190.0
2019-08-04,175.0
2019-08-05,213.0
2019-08-06,272.0
2019-08-07,292.0
2019-08-08,324.0
2019-08-09,222.0
2019-08-10,176.0
2019-08-11,216.0
2019-08-12,199.0
2019-08-13,301.0
2019-08-14,369.0
2019-08-15,296.0
2019-08-16,234.0
2019-08-17,180.0
2019-08-18,170.0
2019-08-19,178.0
2019-08-20,226.0
2019-08-21,246.0
2019-08-22,219.0
2019-08-23,184.0
2019-08-24,188.0
2019-08-25,144.0
2019-08-26,201.0
2019-08-27,237.0
2019-08-28,240.0
2019-08-29,237.0
2019-08-30,183.0
2019-08-31,184.0
2019-09-01,145.0
2019-09-02,148.0
2019-09-03,217.0
2019-09-04,247.0
2019-09-05,253.0
2019-09-06,238.0
2019-09-07,184.0
2019-09-08,164.0
2019-09-09,182.0
2019-09-10,268.0
2019-09-11,293.0
2019-09-12,266.0
2019-09-13,188.0
2019-09-14,169.0
2019-09-15,155.0
2019-09-16,221.0
2019-09-17,273.0
2019-09-18,272.0
2019-09-19,252.0
2019-09-20,235.0
2019-09-21,189.0
2019-09-22,141.0
2019-09-23,192.0
2019-09-24,236.0
2019-09-25,235.0
2019-09-26,222.0
2019-09-27,198.0
2019-09-28,138.0
2019-09-29,117.0
2019-09-30,210.0
2019-10-01,255.0
2019-10-02,271.0
2019-10-03,233.0
2019-10-04,136.0
2019-10-05,131.0
2019-10-06,133.0
2019-10-07,178.0
2019-10-08,323.0
2019-10-09,261.0
2019-10-10,257.0
2019-10-11,236.0
2019-10-12,167.0
2019-10-13,151.0
2019-10-14,203.0
2019-10-15,260.0
2019-10-16,243.0
2019-10-17,269.0
2019-10-18,202.0
2019-10-19,179.0
2019-10-20,148.0
2019-10-21,216.0
2019-10-22,276.0
2019-10-23,259.0
2019-10-24,288.0
2019-10-25,236.0
2019-10-26,174.0
2019-10-27,119.0
2019-10-28,198.0
2019-10-29,248.0
2019-10-30,296.0
2019-10-31,183.0
2019-11-01,167.0
2019-11-02,154.0
2019-11-03,165.0
2019-11-04,176.0
2019-11-05,213.0
2019-11-06,262.0
2019-11-07,269.0
2019-11-08,206.0
2019-11-09,168.0
2019-11-10,145.0
2019-11-11,175.0
2019-11-12,195.0
2019-11-13,284.0
2019-11-14,303.0
2019-11-15,205.0
2019-11-16,150.0
2019-11-17,121.0
2019-11-18,182.0
2019-11-19,308.0
2019-11-20,270.0
2019-11-21,271.0
2019-11-22,206.0
2019-11-23,213.0
2019-11-24,135.0
2019-11-25,227.0
2019-11-26,239.0
2019-11-27,224.0
2019-11-28,98.0
2019-11-29,178.0
2019-11-30,173.0
2019-12-01,136.0
2019-12-02,147.0
2019-12-03,251.0
2019-12-04,271.0
2019-12-05,284.0
2019-12-06,202.0
2019-12-07,139.0
2019-12-08,149.0
2019-12-09,163.0
2019-12-10,250.0
2019-12-11,244.0
2019-12-12,221.0
2019-12-13,168.0
2019-12-14,171.0
2019-12-15,150.0
2019-12-16,208.0
2019-12-17,193.0
2019-12-18,192.0
2019-12-19,188.0
2019-12-20,181.0
2019-12-21,163.0
2019-12-22,148.0
2019-12-23,172.0
2019-12-24,109.0
2019-12-25,65.0
2019-12-26,189.0
2019-12-27,167.0
2019-12-28,158.0
2019-12-29,91.0
2019-12-30,123.0
2019-12-31,121.0
2020-01-01,163.0
2020-01-02,226.0
2020-01-03,161.0
2020-01-04,146.0
2020-01-05,146.0
2020-01-06,189.0
2020-01-07,223.0
2020-01-08,243.0
2020-01-09,237.0
2020-01-10,206.0
2020-01-11,173.0
2020-01-12,128.0
2020-01-13,229.0
2020-01-14,272.0
2020-01-15,272.0
2020-01-16,249.0
2020-01-17,210.0
2020-01-18,130.0
2020-01-19,143.0
2020-01-20,205.0
2020-01-21,274.0
2020-01-22,288.0
2020-01-23,257.0
2020-01-24,199.0
2020-01-25,177.0
2020-01-26,142.0
2020-01-27,185.0
2020-01-28,230.0
2020-01-29,251.0
2020-01-30,304.0
2020-01-31,179.0
2020-02-01,146.0
2020-02-02,142.0
2020-02-03,180.0
2020-02-04,236.0
2020-02-05,283.0
2020-02-06,233.0
2020-02-07,221.0
2020-02-08,166.0
2020-02-09,159.0
2020-02-10,177.0
2020-02-11,251.0
2020-02-12,305.0
2020-02-13,256.0
2020-02-14,198.0
2020-02-15,177.0
2020-02-16,146.0
2020-02-17,233.0
2020-02-18,248.0
2020-02-19,232.0
2020-02-20,228.0
2020-02-21,224.0
2020-02-22,160.0
2020-02-23,153.0
2020-02-24,214.0
2020-02-25,226.0
2020-02-26,297.0
2020-02-27,196.0
2020-02-28,198.0
2020-02-29,162.0
2020-03-01,169.0
2020-03-02,237.0
2020-03-03,257.0
2020-03-04,313.0
2020-03-05,309.0
2020-03-06,242.0
2020-03-07,184.0
2020-03-08,158.0
2020-03-09,162.0
2020-03-10,335.0
2020-03-11,291.0
2020-03-12,274.0
2020-03-13,219.0
2020-03-14,191.0
2020-03-15,145.0
2020-03-16,134.0
2020-03-17,151.0
2020-03-18,219.0
2020-03-19,181.0
2020-03-20,142.0
2020-03-21,137.0
2020-03-22,78.0
2020-03-23,77.0
2020-03-24,117.0
2020-03-25,160.0
2020-03-26,111.0
2020-03-27,112.0
2020-03-28,75.0
2020-03-29,63.0
2020-03-30,86.0
2020-03-31,99.0
2020-04-01,99.0
2020-04-02,97.0
2020-04-03,79.0
2020-04-04,64.0
2020-04-05,71.0
2020-04-06,69.0
2020-04-07,96.0
2020-04-08,128.0
2020-04-09,125.0
2020-04-10,95.0
2020-04-11,76.0
2020-04-12,66.0
2020-04-13,66.0
2020-04-14,113.0
2020-04-15,139.0
2020-04-16,131.0
2020-04-17,122.0
2020-04-18,68.0
2020-04-19,92.0
2020-04-20,131.0
2020-04-21,143.0
2020-04-22,161.0
2020-04-23,157.0
2020-04-24,151.0
2020-04-25,144.0
2020-04-26,79.0
2020-04-27,121.0
2020-04-28,192.0
2020-04-29,170.0
2020-04-30,176.0
2020-05-01,141.0
2020-05-02,155.0
2020-05-03,126.0
2020-05-04,145.0
2020-05-05,217.0
2020-05-06,166.0
2020-05-07,193.0
2020-05-08,179.0
2020-05-09,105.0
2020-05-10,106.0
2020-05-11,148.0
2020-05-12,229.0
2020-05-13,212.0
2020-05-14,250.0
2020-05-15,166.0
2020-05-16,126.0
2020-05-17,139.0
2020-05-18,155.0
2020-05-19,231.0
2020-05-20,214.0
2020-05-21,204.0
2020-05-22,198.0
2020-05-23,126.0
2020-05-24,116.0
2020-05-25,136.0
2020-05-26,205.0
2020-05-27,281.0
2020-05-28,217.0
2020-05-29,141.0
2020-05-30,130.0
2020-05-31,111.0
2020-06-01,382.0
2020-06-02,350.0
2020-06-03,125.0
2020-06-04,108.0
2020-06-05,68.0
2020-06-06,87.0
2020-06-07,92.0
2020-06-08,90.0
2020-06-09,93.0
2020-06-10,90.0
2020-06-11,110.0
2020-06-12,85.0
2020-06-13,99.0
2020-06-14,91.0
2020-06-15,102.0
2020-06-16,124.0
2020-06-17,101.0
2020-06-18,120.0
2020-06-19,84.0
2020-06-20,57.0
2020-06-21,48.0
2020-06-22,102.0
2020-06-23,100.0
2020-06-24,130.0
2020-06-25,114.0
2020-06-26,88.0
2020-06-27,64.0
2020-06-28,74.0
2020-06-29,99.0
2020-06-30,109.0
2020-07-01,104.0
2020-07-02,103.0
2020-07-03,63.0
2020-07-04,56.0
2020-07-05,71.0
2020-07-06,54.0
2020-07-07,100.0
2020-07-08,105.0
2020-07-09,106.0
2020-07-10,77.0
2020-07-11,65.0
2020-07-12,62.0
2020-07-13,77.0
2020-07-14,157.0
2020-07-15,125.0
2020-07-16,127.0
2020-07-17,97.0
2020-07-18,65.0
2020-07-19,71.0
2020-07-20,100.0
2020-07-21,149.0
2020-07-22,161.0
2020-07-23,123.0
2020-07-24,120.0
2020-07-25,66.0
2020-07-26,69.0
2020-07-27,95.0
2020-07-28,170.0
2020-07-29,145.0
2020-07-30,102.0
2020-07-31,84.0
2020-08-01,95.0
2020-08-02,86.0
2020-08-03,112.0
2020-08-04,113.0
2020-08-05,196.0
2020-08-06,164.0
2020-08-07,122.0
2020-08-08,103.0
2020-08-09,82.0
2020-08-10,117.0
2020-08-11,168.0
2020-08-12,179.0
2020-08-13,151.0
2020-08-14,120.0
2020-08-15,82.0
2020-08-16,81.0
2020-08-17,142.0
2020-08-18,182.0
2020-08-19,158.0
2020-08-20,141.0
2020-08-21,132.0
2020-08-22,93.0
2020-08-23,76.0
2020-08-24,115.0
2020-08-25,154.0
2020-08-26,163.0
2020-08-27,171.0
2020-08-28,111.0
2020-08-29,101.0
2020-08-30,98.0
2020-08-31,107.0
2020-09-01,202.0
2020-09-02,199.0
2020-09-03,221.0
2020-09-04,134.0
2020-09-05,148.0
2020-09-06,126.0
2020-09-07,139.0
2020-09-08,148.0
2020-09-09,185.0
2020-09-10,192.0
2020-09-11,147.0
2020-09-12,117.0
2020-09-13,116.0
2020-09-14,143.0
2020-09-15,204.0
2020-09-16,167.0
2020-09-17,181.0
2020-09-18,144.0
2020-09-19,87.0
2020-09-20,102.0
2020-09-21,123.0
2020-09-22,142.0
2020-09-23,171.0
2020-09-24,191.0
2020-09-25,133.0
2020-09-26,150.0
2020-09-27,113.0
2020-09-28,123.0
2020-09-29,124.0
2020-09-30,154.0
2020-10-01,235.0
2020-10-02,193.0
2020-10-03,96.0
2020-10-04,96.0
2020-10-05,155.0
2020-10-06,167.0
2020-10-07,195.0
2020-10-08,235.0
2020-10-09,122.0
2020-10-10,155.0
2020-10-11,142.0
2020-10-12,124.0
2020-10-13,222.0
2020-10-14,207.0
2020-10-15,252.0
2020-10-16,142.0
2020-10-17,116.0
2020-10-18,91.0
2020-10-19,175.0
2020-10-20,203.0
2020-10-21,203.0
2020-10-22,206.0
2020-10-23,143.0
2020-10-24,122.0
2020-10-25,119.0
2020-10-26,116.0
2020-10-27,225.0
2020-10-28,306.0
2020-10-29,162.0
2020-10-30,109.0
2020-10-31,109.0
2020-11-01,120.0
2020-11-02,148.0
2020-11-03,115.0
2020-11-04,136.0
2020-11-05,166.0
2020-11-06,147.0
2020-11-07,154.0
2020-11-08,137.0
2020-11-09,117.0
2020-11-10,174.0
2020-11-11,187.0
2020-11-12,208.0
2020-11-13,139.0
2020-11-14,126.0
2020-11-15,113.0
2020-11-16,156.0
2020-11-17,189.0
2020-11-18,190.0
2020-11-19,196.0
2020-11-20,128.0
2020-11-21,151.0
2020-11-22,144.0
2020-11-23,167.0
2020-11-24,217.0
2020-11-25,157.0
2020-11-26,63.0
2020-11-27,124.0
2020-11-28,153.0
2020-11-29,103.0
2020-11-30,108.0
2020-12-01,208.0
2020-12-02,216.0
2020-12-03,233.0
2020-12-04,167.0
2020-12-05,104.0
2020-12-06,125.0
2020-12-07,144.0
2020-12-08,159.0
2020-12-09,197.0
2020-12-10,218.0
2020-12-11,184.0
2020-12-12,191.0
2020-12-13,130.0
2020-12-14,120.0
2020-12-15,220.0
2020-12-16,130.0
2020-12-17,88.0
2020-12-18,142.0
2020-12-19,129.0
2020-12-20,119.0
2020-12-21,145.0
2020-12-22,195.0
2020-12-23,172.0
2020-12-24,74.0
2020-12-25,55.0
2020-12-26,154.0
2020-12-27,101.0
2020-12-28,153.0
2020-12-29,167.0
2020-12-30,189.0
2020-12-31,167.0
2021-01-01,163.0
2021-01-02,144.0
2021-01-03,117.0
2021-01-04,121.0
2021-01-05,234.0
2021-01-06,228.0
2021-01-07,215.0
2021-01-08,178.0
2021-01-09,109.0
2021-01-10,106.0
2021-01-11,171.0
2021-01-12,200.0
2021-01-13,169.0
2021-01-14,172.0
2021-01-15,223.0
2021-01-16,139.0
2021-01-17,96.0
2021-01-18,163.0
2021-01-19,187.0
2021-01-20,216.0
2021-01-21,213.0
2021-01-22,221.0
2021-01-23,134.0
2021-01-24,123.0
2021-01-25,117.0
2021-01-26,174.0
2021-01-27,196.0
2021-01-28,163.0
2021-01-29,111.0
2021-01-30,98.0
2021-01-31,83.0
2021-02-01,52.0
2021-02-02,95.0
2021-02-03,197.0
2021-02-04,234.0
2021-02-05,175.0
2021-02-06,120.0
2021-02-07,85.0
2021-02-08,122.0
2021-02-09,199.0
2021-02-10,216.0
2021-02-11,176.0
2021-02-12,186.0
2021-02-13,107.0
2021-02-14,89.0
2021-02-15,126.0
2021-02-16,192.0
2021-02-17,247.0
2021-02-18,146.0
2021-02-19,141.0
2021-02-20,128.0
2021-02-21,94.0
2021-02-22,173.0
2021-02-23,180.0
2021-02-24,190.0
2021-02-25,206.0
2021-02-26,180.0
2021-02-27,112.0
2021-02-28,134.0
2021-03-01,171.0
2021-03-02,234.0
2021-03-03,207.0
2021-03-04,203.0
2021-03-05,172.0
2021-03-06,137.0
2021-03-07,125.0
2021-03-08,148.0
2021-03-09,203.0
2021-03-10,232.0
2021-03-11,236.0
2021-03-12,190.0
2021-03-13,146.0
2021-03-14,133.0
2021-03-15,132.0
2021-03-16,204.0
2021-03-17,200.0
2021-03-18,220.0
2021-03-19,168.0
2021-03-20,120.0
2021-03-21,122.0
2021-03-22,152.0
2021-03-23,181.0
2021-03-24,180.0
2021-03-25,173.0
2021-03-26,133.0
2021-03-27,118.0
2021-03-28,83.0
2021-03-29,103.0
2021-03-30,164.0
2021-03-31,119.0
2021-04-01,188.0
2021-04-02,120.0
2021-04-03,85.0
2021-04-04,75.0
2021-04-05,135.0
2021-04-06,133.0
2021-04-07,182.0
2021-04-08,187.0
2021-04-09,135.0
2021-04-10,141.0
2021-04-11,93.0
2021-04-12,119.0
2021-04-13,193.0
2021-04-14,192.0
2021-04-15,129.0
2021-04-16,102.0
2021-04-17,94.0
2021-04-18,79.0
2021-04-19,118.0
2021-04-20,146.0
2021-04-21,167.0
2021-04-22,133.0
2021-04-23,94.0
2021-04-24,90.0
2021-04-25,74.0
2021-04-26,79.0
2021-04-27,149.0
2021-04-28,162.0
2021-04-29,149.0
2021-04-30,103.0
2021-05-01,94.0
2021-05-02,94.0
2021-05-03,151.0
2021-05-04,123.0
2021-05-05,184.0
2021-05-06,156.0
2021-05-07,142.0
2021-05-08,112.0
2021-05-09,91.0
2021-05-10,143.0
2021-05-11,196.0
2021-05-12,184.0
2021-05-13,175.0
2021-05-14,154.0
2021-05-15,135.0
2021-05-16,115.0
2021-05-17,117.0
2021-05-18,198.0
2021-05-19,220.0
2021-05-20,208.0
2021-05-21,163.0
2021-05-22,130.0
2021-05-23,102.0
2021-05-24,143.0
2021-05-25,207.0
2021-05-26,194.0
2021-05-27,136.0
2021-05-28,132.0
2021-05-29,75.0
2021-05-30,83.0
2021-05-31,130.0
2021-06-01,182.0
2021-06-02,197.0
2021-06-03,199.0
2021-06-04,160.0
2021-06-05,101.0
2021-06-06,126.0
2021-06-07,126.0
2021-06-08,209.0
2021-06-09,218.0
2021-06-10,224.0
2021-06-11,132.0
2021-06-12,108.0
2021-06-13,101.0
2021-06-14,137.0
2021-06-15,171.0
2021-06-16,241.0
2021-06-17,199.0
2021-06-18,170.0
2021-06-19,143.0
2021-06-20,115.0
2021-06-21,147.0
2021-06-22,153.0
2021-06-23,184.0
2021-06-24,180.0
2021-06-25,142.0
2021-06-26,120.0
2021-06-27,97.0
2021-06-28,102.0
2021-06-29,174.0
2021-06-30,187.0
2021-07-01,196.0
2021-07-02,143.0
2021-07-03,156.0
2021-07-04,100.0
2021-07-05,140.0
2021-07-06,192.0
2021-07-07,194.0
2021-07-08,239.0
2021-07-09,169.0
2021-07-10,109.0
2021-07-11,110.0
2021-07-12,165.0
2021-07-13,216.0
2021-07-14,238.0
2021-07-15,173.0
2021-07-16,169.0
2021-07-17,117.0
2021-07-18,133.0
2021-07-19,151.0
2021-07-20,197.0
2021-07-21,200.0
2021-07-22,240.0
2021-07-23,176.0
2021-07-24,134.0
2021-07-25,128.0
2021-07-26,151.0
2021-07-27,193.0
2021-07-28,176.0
2021-07-29,198.0
2021-07-30,122.0
2021-07-31,110.0
2021-08-01,125.0
2021-08-02,142.0
2021-08-03,201.0
2021-08-04,217.0
2021-08-05,200.0
2021-08-06,187.0
2021-08-07,136.0
2021-08-08,123.0
2021-08-09,154.0
2021-08-10,205.0
2021-08-11,195.0
2021-08-12,203.0
2021-08-13,187.0
2021-08-14,168.0
2021-08-15,138.0
2021-08-16,128.0
2021-08-17,236.0
2021-08-18,184.0
2021-08-19,254.0
2021-08-20,178.0
2021-08-21,118.0
2021-08-22,115.0
2021-08-23,141.0
2021-08-24,193.0
2021-08-25,216.0
2021-08-26,167.0
2021-08-27,145.0
2021-08-28,114.0
2021-08-29,133.0
2021-08-30,124.0
2021-08-31,167.0
2021-09-01,201.0
2021-09-02,162.0
2021-09-03,180.0
2021-09-04,134.0
2021-09-05,134.0
2021-09-06,141.0
2021-09-07,189.0
2021-09-08,232.0
2021-09-09,171.0
2021-09-10,157.0
2021-09-11,128.0
2021-09-12,131.0
2021-09-13,153.0
2021-09-14,180.0
2021-09-15,200.0
2021-09-16,212.0
2021-09-17,177.0
2021-09-18,154.0
2021-09-19,124.0
2021-09-20,144.0
2021-09-21,237.0
2021-09-22,185.0
2021-09-23,185.0
2021-09-24,181.0
2021-09-25,144.0
2021-09-26,134.0
2021-09-27,178.0
2021-09-28,198.0
2021-09-29,213.0
2021-09-30,246.0
2021-10-01,158.0
2021-10-02,152.0
2021-10-03,121.0
2021-10-04,178.0
2021-10-05,226.0
2021-10-06,244.0
2021-10-07,245.0
2021-10-08,181.0
2021-10-09,170.0
2021-10-10,119.0
2021-10-11,200.0
2021-10-12,218.0
2021-10-13,261.0
2021-10-14,226.0
2021-10-15,215.0
2021-10-16,166.0
2021-10-17,147.0
2021-10-18,153.0
2021-10-19,276.0
2021-10-20,243.0
2021-10-21,242.0
2021-10-22,198.0
2021-10-23,164.0
2021-10-24,164.0
2021-10-25,174.0
2021-10-26,230.0
2021-10-27,243.0
2021-10-28,189.0
2021-10-29,146.0
2021-10-30,109.0
2021-10-31,125.0
2021-11-01,161.0
2021-11-02,190.0
2021-11-03,266.0
2021-11-04,215.0
2021-11-05,193.0
2021-11-06,130.0
2021-11-07,122.0
2021-11-08,172.0
2021-11-09,208.0
2021-11-10,209.0
2021-11-11,226.0
2021-11-12,197.0
2021-11-13,138.0
2021-11-14,131.0
2021-11-15,136.0
2021-11-16,246.0
2021-11-17,249.0
2021-11-18,205.0
2021-11-19,196.0
2021-11-20,127.0
2021-11-21,129.0
2021-11-22,149.0
2021-11-23,157.0
2021-11-24,168.0
2021-11-25,59.0
2021-11-26,157.0
2021-11-27,168.0
2021-11-28,124.0
2021-11-29,144.0
2021-11-30,188.0
2021-12-01,262.0
2021-12-02,266.0
2021-12-03,249.0
2021-12-04,133.0
2021-12-05,136.0
2021-12-06,170.0
2021-12-07,202.0
2021-12-08,205.0
2021-12-09,197.0
2021-12-10,225.0
2021-12-11,147.0
2021-12-12,139.0
2021-12-13,139.0
2021-12-14,213.0
2021-12-15,213.0
2021-12-16,223.0
2021-12-17,174.0
2021-12-18,125.0
2021-12-19,121.0
2021-12-20,159.0
2021-12-21,170.0
2021-12-22,207.0
2021-12-23,125.0
2021-12-24,86.0
2021-12-25,72.0
2021-12-26,91.0
2021-12-27,125.0
2021-12-28,147.0
2021-12-29,165.0
2021-12-30,133.0
2021-12-31,151.0
2022-01-01,123.0
2022-01-02,104.0
2022-01-03,133.0
2022-01-04,187.0
2022-01-05,230.0
2022-01-06,195.0
2022-01-07,123.0
2022-01-08,174.0
2022-01-09,110.0
2022-01-10,157.0
2022-01-11,229.0
2022-01-12,198.0
2022-01-13,227.0
2022-01-14,212.0
2022-01-15,145.0
2022-01-16,105.0
2022-01-17,173.0
2022-01-18,217.0
2022-01-19,227.0
2022-01-20,269.0
2022-01-21,223.0
2022-01-22,120.0
2022-01-23,119.0
2022-01-24,149.0
2022-01-25,275.0
2022-01-26,201.0
2022-01-27,173.0
2022-01-28,99.0
2022-01-29,113.0
2022-01-30,104.0
2022-01-31,140.0
2022-02-01,215.0
2022-02-02,139.0
2022-02-03,220.0
2022-02-04,196.0
2022-02-05,183.0
2022-02-06,160.0
2022-02-07,154.0
2022-02-08,275.0
2022-02-09,273.0
2022-02-10,224.0
2022-02-11,234.0
2022-02-12,183.0
2022-02-13,130.0
2022-02-14,195.0
2022-02-15,265.0
2022-02-16,260.0
2022-02-17,246.0
2022-02-18,202.0
2022-02-19,170.0
2022-02-20,145.0
2022-02-21,168.0
2022-02-22,214.0
2022-02-23,304.0
2022-02-24,236.0
2022-02-25,161.0
2022-02-26,174.0
2022-02-27,137.0
2022-02-28,180.0
2022-03-01,260.0
2022-03-02,275.0
2022-03-03,229.0
2022-03-04,231.0
2022-03-05,140.0
2022-03-06,193.0
2022-03-07,160.0
2022-03-08,268.0
2022-03-09,233.0
2022-03-10,309.0
2022-03-11,209.0
2022-03-12,163.0
2022-03-13,111.0
2022-03-14,196.0
2022-03-15,254.0
2022-03-16,277.0
2022-03-17,247.0
2022-03-18,206.0
2022-03-19,153.0
2022-03-20,174.0
2022-03-21,191.0
2022-03-22,283.0
2022-03-23,254.0
2022-03-24,230.0
2022-03-25,230.0
2022-03-26,179.0
2022-03-27,152.0
2022-03-28,173.0
2022-03-29,247.0
2022-03-30,259.0
2022-03-31,255.0
2022-04-01,209.0
2022-04-02,163.0
2022-04-03,171.0
2022-04-04,199.0
2022-04-05,253.0
2022-04-06,270.0
2022-04-07,251.0
2022-04-08,209.0
2022-04-09,184.0
2022-04-10,188.0
2022-04-11,254.0
2022-04-12,269.0
2022-04-13,281.0
2022-04-14,254.0
2022-04-15,185.0
2022-04-16,165.0
2022-04-17,86.0
2022-04-18,150.0
2022-04-19,232.0
2022-04-20,243.0
2022-04-21,272.0
2022-04-22,200.0
2022-04-23,172.0
2022-04-24,155.0
2022-04-25,224.0
2022-04-26,267.0
2022-04-27,265.0
2022-04-28,246.0
2022-04-29,171.0
2022-04-30,146.0
2022-05-01,163.0
2022-05-02,172.0
2022-05-03,254.0
2022-05-04,285.0
2022-05-05,335.0
2022-05-06,229.0
2022-05-07,148.0
2022-05-08,147.0
2022-05-09,163.0
2022-05-10,290.0
2022-05-11,258.0
2022-05-12,285.0
2022-05-13,211.0
2022-05-14,202.0
2022-05-15,149.0
2022-05-16,227.0
2022-05-17,278.0
2022-05-18,246.0
2022-05-19,243.0
2022-05-20,187.0
2022-05-21,163.0
2022-05-22,137.0
2022-05-23,226.0
2022-05-24,251.0
2022-05-25,250.0
2022-05-26,224.0
2022-05-27,171.0
2022-05-28,145.0
2022-05-29,155.0
2022-05-30,160.0
2022-05-31,221.0
2022-06-01,297.0
2022-06-02,266.0
2022-06-03,236.0
2022-06-04,161.0
2022-06-05,149.0
2022-06-06,190.0
2022-06-07,320.0
2022-06-08,265.0
2022-06-09,242.0
2022-06-10,221.0
2022-06-11,162.0
2022-06-12,154.0
2022-06-13,241.0
2022-06-14,267.0
2022-06-15,284.0
2022-06-16,258.0
2022-06-17,199.0
2022-06-18,182.0
2022-06-19,136.0
2022-06-20,150.0
2022-06-21,284.0
2022-06-22,225.0
2022-06-23,212.0
2022-06-24,191.0
2022-06-25,145.0
2022-06-26,141.0
2022-06-27,181.0
2022-06-28,204.0
2022-06-29,288.0
2022-06-30,272.0
2022-07-01,202.0
2022-07-02,178.0
2022-07-03,158.0
2022-07-04,166.0
2022-07-05,248.0
2022-07-06,266.0
2022-07-07,245.0
2022-07-08,225.0
2022-07-09,182.0
2022-07-10,172.0
2022-07-11,175.0
2022-07-12,267.0
2022-07-13,281.0
2022-07-14,269.0
2022-07-15,211.0
2022-07-16,151.0
2022-07-17,160.0
2022-07-18,191.0
2022-07-19,282.0
2022-07-20,246.0
2022-07-21,226.0
2022-07-22,179.0
2022-07-23,209.0
2022-07-24,209.0
2022-07-25,164.0
2022-07-26,275.0
2022-07-27,237.0
2022-07-28,260.0
2022-07-29,189.0
2022-07-30,158.0
2022-07-31,133.0
2022-08-01,135.0
2022-08-02,161.0
2022-08-03,173.0
2022-08-04,235.0
2022-08-05,193.0
2022-08-06,187.0
2022-08-07,161.0
2022-08-08,163.0
2022-08-09,270.0
2022-08-10,311.0
2022-08-11,263.0
2022-08-12,232.0
2022-08-13,163.0
2022-08-14,160.0
2022-08-15,210.0
2022-08-16,285.0
2022-08-17,253.0
2022-08-18,261.0
2022-08-19,224.0
2022-08-20,197.0
2022-08-21,152.0
2022-08-22,210.0
2022-08-23,246.0
2022-08-24,252.0
2022-08-25,298.0
2022-08-26,218.0
2022-08-27,209.0
2022-08-28,150.0
2022-08-29,212.0
2022-08-30,310.0
2022-08-31,233.0
2022-09-01,296.0
2022-09-02,221.0
2022-09-03,187.0
2022-09-04,190.0
2022-09-05,147.0
2022-09-06,256.0
2022-09-07,312.0
2022-09-08,278.0
2022-09-09,241.0
2022-09-10,176.0
2022-09-11,133.0
2022-09-12,213.0
2022-09-13,251.0
2022-09-14,289.0
2022-09-15,254.0
2022-09-16,211.0
2022-09-17,174.0
2022-09-18,148.0
2022-09-19,160.0
2022-09-20,258.0
2022-09-21,287.0
2022-09-22,234.0
2022-09-23,201.0
2022-09-24,178.0
2022-09-25,143.0
2022-09-26,203.0
2022-09-27,302.0
2022-09-28,273.0
2022-09-29,418.0
2022-09-30,348.0
2022-10-01,190.0
2022-10-02,119.0
2022-10-03,194.0
2022-10-04,321.0
2022-10-05,308.0
2022-10-06,301.0
2022-10-07,241.0
2022-10-08,210.0
2022-10-09,136.0
2022-10-10,164.0
2022-10-11,338.0
2022-10-12,260.0
2022-10-13,308.0
2022-10-14,209.0
2022-10-15,178.0
2022-10-16,159.0
2022-10-17,171.0
2022-10-18,300.0
2022-10-19,396.0
2022-10-20,271.0
2022-10-21,225.0
2022-10-22,196.0
2022-10-23,138.0
2022-10-24,214.0
2022-10-25,356.0
2022-10-26,277.0
2022-10-27,257.0
2022-10-28,230.0
2022-10-29,215.0
2022-10-30,161.0
2022-10-31,191.0
2022-11-01,305.0
2022-11-02,304.0
2022-11-03,282.0
2022-11-04,241.0
2022-11-05,190.0
2022-11-06,171.0
2022-11-07,200.0
2022-11-08,270.0
2022-11-09,350.0
2022-11-10,255.0
2022-11-11,260.0
2022-11-12,215.0
2022-11-13,144.0
2022-11-14,229.0
2022-11-15,248.0
2022-11-16,346.0
2022-11-17,265.0
2022-11-18,227.0
2022-11-19,185.0
2022-11-20,168.0
2022-11-21,206.0
2022-11-22,271.0
2022-11-23,257.0
2022-11-24,68.0
2022-11-25,209.0
2022-11-26,211.0
2022-11-27,165.0
2022-11-28,202.0
2022-11-29,327.0
2022-11-30,273.0
2022-12-01,269.0
2022-12-02,219.0
2022-12-03,233.0
2022-12-04,179.0
2022-12-05,236.0
2022-12-06,288.0
2022-12-07,269.0
2022-12-08,293.0
2022-12-09,232.0
2022-12-10,212.0
2022-12-11,144.0
2022-12-12,174.0
2022-12-13,293.0
2022-12-14,259.0
2022-12-15,217.0
2022-12-16,220.0
2022-12-17,199.0
2022-12-18,141.0
2022-12-19,192.0
2022-12-20,242.0
2022-12-21,246.0
2022-12-22,174.0
2022-12-23,142.0
2022-12-24,96.0
2022-12-25,74.0
2022-12-26,161.0
2022-12-27,220.0
2022-12-28,281.0
2022-12-29,270.0
2022-12-30,190.0
2022-12-31,144.0
